,customer,state,gender,education,customer_lifetime_value,income,monthly_premium_auto,number_of_open_complaints,policy_type,vehicle_class,total_claim_amount
0,QZ44356,Arizona,F,Bachelor,6979.5359,0.0,94.0,0.0,Personal Auto,Four-Door Car,1131.464935
1,AI49188,Nevada,F,Bachelor,12887.4317,48767.0,108.0,0.0,Personal Auto,Two-Door Car,566.472247
2,WW63253,California,M,Bachelor,7645.861800000001,0.0,106.0,0.0,Corporate Auto,SUV,529.881344
3,GA49547,Washington,M,High School or Below,5363.0765,36357.0,68.0,0.0,Personal Auto,Four-Door Car,17.269323
4,OC83172,Oregon,F,Bachelor,8256.2978,62902.0,69.0,0.0,Personal Auto,Two-Door Car,159.383042
5,XZ87318,Oregon,F,College,5380.8985999999995,55350.0,67.0,0.0,Corporate Auto,Four-Door Car,321.6
6,CF85061,Arizona,M,Master,7216.1003,0.0,101.0,0.0,Corporate Auto,Four-Door Car,363.02968
7,DY87989,Oregon,M,Bachelor,24127.504,14072.0,71.0,0.0,Corporate Auto,Four-Door Car,511.2
8,BQ94931,Oregon,F,College,7388.178100000001,28812.0,93.0,0.0,Special Auto,Four-Door Car,425.527834
9,SX51350,California,M,College,4738.992,0.0,67.0,0.0,Personal Auto,Four-Door Car,482.4
10,QK46697,Washington,M,Bachelor,6177.1093,61040.0,79.0,1.0,Personal Auto,Two-Door Car,20.382876
11,HS14476,Washington,M,College,9162.063199999999,29723.0,80.0,0.0,Personal Auto,Four-Door Car,20.985105
12,HD95276,Washington,F,College,4737.8717,0.0,130.0,0.0,Personal Auto,SUV,23.820158
13,YD87931,Washington,M,Doctor,4951.6561,46896.0,35354.0,1.0,Personal Auto,Four-Door Car,31.707317
14,NW21079,Washington,F,Master,4879.3848,67163.0,61.0,2.0,Personal Auto,Two-Door Car,33.192803
15,SP81997,Washington,F,Master,5885.7453000000005,41275.0,96.0,0.0,Personal Auto,Four-Door Car,41.122303
16,YB66933,Washington,F,Bachelor,5382.7519999999995,77552.0,68.0,1.0,Corporate Auto,Four-Door Car,45.215059
17,OW15518,Washington,F,College,15950.0195,0.0,87.0,1.0,Personal Auto,Two-Door Car,46.041452
18,GP39118,Washington,M,High School or Below,4996.5527,71600.0,63.0,0.0,Personal Auto,Two-Door Car,46.158117
19,SG20925,Washington,F,Master,5185.7976,99428.0,6464.0,1.0,Personal Auto,Four-Door Car,48.046869
20,FM14335,Washington,F,College,10484.9154,61108.0,89.0,0.0,Personal Auto,Four-Door Car,49.451117
21,HS28694,Washington,F,High School or Below,2829.8639000000003,25317.0,71.0,0.0,Personal Auto,Two-Door Car,50.422181
22,LH92841,Washington,F,Bachelor,7255.9538,88891.0,89.0,0.0,Personal Auto,Four-Door Car,50.528355
23,AZ95587,Arizona,F,Bachelor,10388.5532,61222.0,89.0,0.0,Special Auto,Four-Door Car,392.604371
24,DS81757,Oregon,M,College,2470.1212,0.0,74.0,0.0,Personal Auto,Two-Door Car,721.242206
25,OJ94107,Arizona,M,Master,5619.068499999999,50335.0,140.0,0.0,Personal Auto,SUV,456.52385
26,LP84436,California,F,High School or Below,9047.119200000001,0.0,127.0,0.0,Personal Auto,Luxury,1087.995426
27,FF22360,Washington,F,Doctor,2687.3140999999996,82210.0,68.0,4.0,Personal Auto,Four-Door Car,51.961915
28,LM19287,Oregon,F,High School or Below,3731.5046,0.0,96.0,0.0,Personal Auto,Four-Door Car,460.8
29,ZU18643,Nevada,M,Bachelor,3660.7703,64495.0,92.0,0.0,Corporate Auto,Four-Door Car,251.992083
30,AZ82578,California,F,College,7928.8293,0.0,72.0,0.0,Corporate Auto,Four-Door Car,345.6
31,XC67861,Arizona,F,Bachelor,5011.7516,28859.0,67.0,3.0,Corporate Auto,Two-Door Car,321.6
32,YC43143,Arizona,F,High School or Below,7988.2582999999995,77330.0,99.0,0.0,Personal Auto,Four-Door Car,99.257608
33,EK59571,Oregon,M,College,3885.4564,0.0,105.0,0.0,Corporate Auto,Four-Door Car,504.0
34,PA38372,Washington,F,High School or Below,9357.7378,33060.0,117.0,0.0,Personal Auto,Four-Door Car,56.731578
35,RO18530,Washington,M,Master,2540.6898,42557.0,65.0,0.0,Personal Auto,Four-Door Car,57.562324
36,PD27940,Arizona,M,High School or Below,4885.1625,26372.0,126.0,0.0,Personal Auto,SUV,604.8
37,BS77946,Arizona,F,Bachelor,9753.3071,17514.0,127.0,0.0,Personal Auto,SUV,8.312729
38,YM50253,California,F,Bachelor,2946.1537,89270.0,74.0,0.0,Personal Auto,Four-Door Car,316.599228
39,NR15332,California,M,High School or Below,2581.1109,29757.0,65.0,0.0,Personal Auto,Four-Door Car,312.0
40,RC62865,Oregon,M,College,3517.3858,51814.0,92.0,0.0,Personal Auto,Four-Door Car,56.300724
41,CC15295,Oregon,F,Bachelor,9743.3501,24028.0,82.0,0.0,Personal Auto,Four-Door Car,393.6
42,KA61892,Arizona,M,College,3873.647,28142.0,105.0,0.0,Personal Auto,Luxury,701.708239
43,OS94884,Arizona,F,Bachelor,7649.281999999999,52705.0,64.0,1.0,Personal Auto,Two-Door Car,128.705563
44,ND87334,California,M,High School or Below,2287.5969,0.0,63.0,0.0,Corporate Auto,Two-Door Car,679.368378
45,OY51402,Washington,F,High School or Below,8255.7639,54040.0,103.0,0.0,Personal Auto,SUV,59.987126
46,YL74911,California,F,College,8714.9221,0.0,118.0,0.0,Personal Auto,SUV,566.4
47,GK92563,Washington,F,Doctor,6819.2312,22492.0,85.0,0.0,Personal Auto,Two-Door Car,61.654262
48,HL53154,California,M,Bachelor,7416.1973,0.0,77.0,2.0,Personal Auto,Four-Door Car,554.4
49,RI78966,Oregon,M,Master,7771.159000000001,21876.0,68.0,0.0,Personal Auto,Four-Door Car,465.41477
50,IC13702,California,F,Bachelor,6968.341899999999,0.0,69.0,1.0,Personal Auto,Four-Door Car,496.8
51,BE10809,California,F,High School or Below,4250.2826000000005,0.0,61.0,1.0,Personal Auto,Four-Door Car,292.8
52,HT87217,Oregon,F,High School or Below,19776.5665,70699.0,82.0,0.0,Personal Auto,Four-Door Car,256.813837
53,TH95618,California,F,High School or Below,21343.466,0.0,74.0,1.0,Personal Auto,Four-Door Car,355.2
54,TS19868,California,M,College,2413.1397,27501.0,63.0,0.0,Personal Auto,Four-Door Car,542.319401
55,LP45550,Oregon,F,Doctor,15363.8472,15897.0,101.0,0.0,Personal Auto,Four-Door Car,303.148399
56,QR87004,Nevada,F,College,8456.9619,25141.0,73.0,1.0,Personal Auto,Four-Door Car,25.438063
57,OE75747,Nevada,F,College,2189.6425,0.0,61.0,3.0,Personal Auto,Four-Door Car,292.8
58,DX91392,California,M,High School or Below,5780.182199999999,51066.0,74.0,0.0,Personal Auto,Four-Door Car,787.993313
59,AB72731,California,F,Bachelor,4639.9816,28358.0,117.0,0.0,Personal Auto,Luxury,84.024413
60,GX84338,Washington,F,Doctor,3824.4313,62530.0,95.0,0.0,Personal Auto,Four-Door Car,61.693771
61,IS12901,Arizona,F,Bachelor,5968.1189,90972.0,74.0,0.0,Personal Auto,Two-Door Car,232.926145
62,BN90616,Washington,F,Bachelor,8590.335,63110.0,72.0,0.0,Personal Auto,Four-Door Car,68.179721
63,HH90090,California,F,Bachelor,4076.6346999999996,29549.0,104.0,0.0,Personal Auto,Luxury,710.433775
64,IU25463,California,F,Bachelor,12252.601799999999,0.0,115.0,1.0,Personal Auto,Four-Door Car,552.0
65,KC11055,Nevada,F,Bachelor,16936.2715,39411.0,217.0,2.0,Personal Auto,Luxury,1122.658899
66,PD33979,Oregon,M,High School or Below,4892.4355,21709.0,62.0,0.0,Personal Auto,Four-Door Car,408.374746
67,NK71023,Nevada,M,Bachelor,9942.3048,67890.0,85.0,0.0,Personal Auto,Four-Door Car,408.0
68,AB13432,California,M,Bachelor,3735.8381,0.0,110.0,0.0,Personal Auto,SUV,792.0
69,OZ97704,California,F,High School or Below,13117.5222,84311.0,111.0,4.0,Personal Auto,SUV,532.8
70,UF46533,California,F,College,4574.5241,99316.0,114.0,0.0,Corporate Auto,SUV,754.358929
71,XP47431,Arizona,F,Bachelor,5470.060600000001,54507.0,138.0,0.0,Personal Auto,SUV,702.990032
72,GK73582,California,F,Bachelor,2978.8459999999995,64586.0,76.0,0.0,Personal Auto,Four-Door Car,206.837111
73,RV98763,Oregon,M,College,6410.9675,61709.0,82.0,2.0,Personal Auto,Four-Door Car,275.395894
74,II62831,California,M,Master,4479.0231,94656.0,111.0,1.0,Special Auto,SUV,459.738128
75,XK33449,California,F,High School or Below,2383.7319,0.0,69.0,0.0,Special Auto,Two-Door Car,496.8
76,TR85083,California,M,Bachelor,2764.4937,61085.0,70.0,1.0,Personal Auto,Two-Door Car,336.0
77,EO95328,Oregon,F,Bachelor,7920.1054,89284.0,67.0,3.0,Personal Auto,Two-Door Car,321.6
78,EN21086,Arizona,F,High School or Below,6889.098000000001,0.0,63.0,0.0,Personal Auto,Four-Door Car,302.4
79,YL83902,Washington,F,Bachelor,3274.1946000000003,31686.0,81.0,0.0,Personal Auto,Four-Door Car,430.994107
80,AZ62651,Oregon,M,High School or Below,9951.7077,56855.0,255.0,0.0,Corporate Auto,Luxury,1836.0
81,ZW25874,Oregon,M,Bachelor,2521.5557,53703.0,67.0,2.0,Special Auto,Four-Door Car,67.632476
82,EH41854,Washington,F,High School or Below,23706.1134,0.0,96.0,1.0,Personal Auto,Two-Door Car,844.481918
83,MW70227,California,M,College,6047.0252,20396.0,76.0,1.0,Personal Auto,Four-Door Car,364.8
84,SL22297,California,F,Master,11140.3025,27679.0,150.0,0.0,Personal Auto,SUV,722.486994
85,RV14138,Nevada,F,Bachelor,4334.0641,23904.0,123.0,3.0,Personal Auto,SUV,590.4
86,UO62808,Arizona,F,High School or Below,2799.7479,65351.0,69.0,0.0,Corporate Auto,Four-Door Car,481.027516
87,ZX64745,California,M,College,7923.136600000001,0.0,113.0,0.0,Personal Auto,SUV,1124.427734
88,FL34139,California,M,High School or Below,3688.1109,0.0,63.0,3.0,Personal Auto,Four-Door Car,669.682001
89,TS11219,California,M,College,12067.456,0.0,116.0,0.0,Personal Auto,SUV,1284.093173
90,XX12304,California,F,College,2924.9766999999997,64459.0,72.0,0.0,Personal Auto,Four-Door Car,240.259479
91,SD64087,California,M,College,15014.092700000001,32961.0,190.0,0.0,Corporate Auto,SUV,912.0
92,OY38576,Oregon,F,High School or Below,9277.2338,71416.0,116.0,0.0,Corporate Auto,SUV,556.8
93,BG76355,Washington,F,Bachelor,6274.1239000000005,68964.0,78.0,0.0,Personal Auto,Four-Door Car,115.086827
94,IP66913,California,M,High School or Below,3886.6474,78108.0,98.0,0.0,Personal Auto,Two-Door Car,470.4
95,LE95702,California,M,College,4386.2776,10621.0,67.0,0.0,Special Auto,Four-Door Car,321.6
96,KX54357,Washington,M,College,11365.2677,84910.0,95.0,0.0,Corporate Auto,Two-Door Car,383.167471
97,EZ78112,California,F,High School or Below,5610.964300000001,77493.0,70.0,0.0,Special Auto,Four-Door Car,307.963291
98,XN16891,Arizona,M,College,2912.8920000000003,81097.0,74.0,0.0,Personal Auto,Four-Door Car,355.2
99,XK31350,Oregon,F,College,6915.7299,96610.0,85.0,0.0,Corporate Auto,Four-Door Car,520.364752
100,CC30924,Oregon,M,College,6262.663299999999,30110.0,159.0,0.0,Corporate Auto,Luxury,466.436375
101,IT78748,Oregon,F,High School or Below,6503.397,22081.0,84.0,0.0,Special Auto,Two-Door Car,451.670309
102,KY33386,Washington,F,High School or Below,8007.399399999999,0.0,112.0,0.0,Personal Auto,Luxury,537.6
103,CO44221,California,M,College,2929.9165000000003,98473.0,72.0,0.0,Personal Auto,Four-Door Car,345.6
104,LK60013,Oregon,F,Bachelor,5969.553000000001,97431.0,74.0,0.0,Personal Auto,Four-Door Car,355.2
105,DE21533,California,M,Bachelor,5473.1599,93870.0,69.0,0.0,Personal Auto,Four-Door Car,331.2
106,YS94121,Nevada,M,High School or Below,5645.3967,50366.0,72.0,0.0,Personal Auto,Four-Door Car,428.734656
107,UK68427,Washington,M,High School or Below,6369.2624,34498.0,83.0,0.0,Personal Auto,Two-Door Car,398.4
108,TE49565,Oregon,F,College,11833.7673,16552.0,103.0,0.0,Personal Auto,SUV,494.4
109,RA88421,Oregon,F,College,6121.1079,26787.0,77.0,0.0,Personal Auto,Four-Door Car,369.6
110,KQ51983,Nevada,M,College,5159.369699999999,0.0,74.0,0.0,Personal Auto,Two-Door Car,831.752839
111,CD88896,Nevada,F,High School or Below,2514.592,43860.0,65.0,0.0,Corporate Auto,Four-Door Car,156.124914
112,YV22553,Arizona,M,High School or Below,8668.6113,21474.0,114.0,2.0,Corporate Auto,SUV,373.428187
113,WU14435,California,M,Bachelor,4960.9654,18174.0,66.0,0.0,Corporate Auto,Four-Door Car,395.934815
114,XV84099,Arizona,F,Bachelor,5504.139,0.0,73.0,0.0,Corporate Auto,Four-Door Car,350.4
115,RI24911,Arizona,M,College,7507.455400000001,60920.0,64.0,0.0,Personal Auto,Two-Door Car,231.201886
116,KO26461,Arizona,M,High School or Below,32269.8514,41520.0,90.0,0.0,Personal Auto,Four-Door Car,289.904105
117,HI14283,Oregon,F,Bachelor,5657.0316,0.0,152.0,0.0,Personal Auto,SUV,729.6
118,PT50227,Arizona,M,High School or Below,5061.7579,0.0,68.0,0.0,Personal Auto,Two-Door Car,326.4
119,BH36570,California,M,Bachelor,5912.7838,72208.0,73.0,0.0,Personal Auto,Two-Door Car,350.4
120,TX17484,California,F,Bachelor,15182.2798,53863.0,63.0,0.0,Personal Auto,Four-Door Car,105.765111
121,CT41158,Washington,M,College,10747.030900000002,66446.0,136.0,0.0,Corporate Auto,SUV,639.464548
122,AO87348,Washington,M,College,2050.6235,0.0,61.0,0.0,Personal Auto,Four-Door Car,292.8
123,DE55857,Washington,F,Bachelor,2465.4449,64997.0,63.0,1.0,Personal Auto,Four-Door Car,383.442328
124,LF66923,Nevada,F,High School or Below,5343.1213,64460.0,66.0,0.0,Corporate Auto,Two-Door Car,316.8
125,CN24514,Arizona,F,College,8119.8291,46618.0,67.0,0.0,Personal Auto,Four-Door Car,99.085943
126,UW32074,Oregon,F,College,4605.2652,0.0,64.0,0.0,Corporate Auto,Four-Door Car,307.2
127,HP36979,California,M,College,6408.7856,49988.0,84.0,5.0,Personal Auto,Two-Door Car,566.935022
128,PP40919,California,F,College,2376.5335,0.0,91.0,5.0,Personal Auto,Two-Door Car,436.8
129,RO73268,California,M,Bachelor,3211.07,16269.0,86.0,0.0,Corporate Auto,Two-Door Car,412.8
130,HO61691,Arizona,F,Bachelor,5094.5223,72006.0,64.0,0.0,Personal Auto,Four-Door Car,307.2
131,BS13062,Arizona,F,High School or Below,25755.278199999997,0.0,81.0,2.0,Personal Auto,Four-Door Car,388.8
132,FO35655,Oregon,M,Bachelor,8672.2297,0.0,245.0,0.0,Corporate Auto,Luxury,2345.413441
133,HR10526,California,M,Master,8044.730699999999,44320.0,67.0,0.0,Personal Auto,Four-Door Car,321.6
134,IA63417,Arizona,F,High School or Below,4001.5190999999995,19782.0,108.0,0.0,Personal Auto,Two-Door Car,773.470977
135,BH35016,Nevada,F,Bachelor,16706.117,63933.0,70.0,0.0,Personal Auto,Two-Door Car,424.883448
136,PK52952,Arizona,M,Doctor,8544.4111,28224.0,109.0,0.0,Personal Auto,SUV,523.2
137,OD76309,Washington,F,College,7805.312900000001,21073.0,106.0,1.0,Personal Auto,SUV,508.8
138,IL28481,Oregon,M,Bachelor,6112.756899999999,63243.0,77.0,0.0,Personal Auto,Four-Door Car,364.240307
139,GY55092,Nevada,M,High School or Below,4772.9438,20993.0,133.0,0.0,Personal Auto,SUV,638.4
140,UF33451,Oregon,F,Bachelor,10979.0956,94827.0,135.0,0.0,Personal Auto,SUV,354.729129
141,CF15558,California,F,Master,5004.2638,39161.0,63.0,1.0,Personal Auto,Two-Door Car,283.995953
142,JM62924,Washington,M,Bachelor,13223.0438,37534.0,84.0,2.0,Personal Auto,Four-Door Car,403.2
143,EM66435,Oregon,F,Bachelor,2623.3154,80210.0,65.0,0.0,Corporate Auto,Four-Door Car,20.543176
144,QX45933,California,M,Bachelor,17840.1956,0.0,62.0,0.0,Personal Auto,Four-Door Car,385.115437
145,JI71369,California,F,College,5106.1118,30110.0,64.0,0.0,Personal Auto,Four-Door Car,140.165035
146,JU93290,Arizona,F,College,17930.6045,21708.0,68.0,0.0,Personal Auto,Four-Door Car,326.4
147,GU66096,Arizona,M,High School or Below,5457.3426,94731.0,67.0,0.0,Personal Auto,Four-Door Car,321.6
148,UC33108,California,M,Bachelor,6563.6441,32375.0,83.0,0.0,Personal Auto,Four-Door Car,398.4
149,LW93867,Oregon,M,College,4812.5252,16531.0,63.0,0.0,Corporate Auto,Four-Door Car,102.879769
150,OU78470,Arizona,F,Master,29328.0419,32006.0,94.0,0.0,Corporate Auto,Four-Door Car,56.868289
151,XW90265,Arizona,F,Bachelor,5773.520699999999,81676.0,72.0,0.0,Personal Auto,Two-Door Car,463.158502
152,HS67749,California,M,College,6847.1189,71038.0,86.0,0.0,Corporate Auto,Four-Door Car,205.444066
153,VZ51506,Arizona,F,High School or Below,3595.3129,0.0,103.0,0.0,Corporate Auto,Luxury,741.6
154,UI64281,Nevada,F,Master,22855.6121,20832.0,65.0,0.0,Personal Auto,Two-Door Car,56.371967
155,AE98193,Washington,M,High School or Below,7859.4146,0.0,113.0,0.0,Personal Auto,SUV,813.6
156,AZ74055,Oregon,M,High School or Below,4115.5774,52405.0,103.0,0.0,Personal Auto,Four-Door Car,494.4
157,XS76911,Arizona,F,High School or Below,5029.6388,0.0,133.0,0.0,Personal Auto,Luxury,795.864079
158,AY40674,Washington,F,Bachelor,4821.4185,26583.0,1005.0,4.0,Personal Auto,SUV,614.4
159,NA12740,Oregon,M,Master,5004.3105,25486.0,65.0,0.0,Special Auto,Two-Door Car,72.438681
160,UA84837,Arizona,M,College,8630.0539,24065.0,111.0,0.0,Corporate Auto,Four-Door Car,532.8
161,DJ51510,Arizona,F,High School or Below,9322.0851,70435.0,116.0,0.0,Personal Auto,Four-Door Car,67.881546
162,VM58985,California,M,College,16727.5606,0.0,76.0,2.0,Personal Auto,Two-Door Car,402.636829
163,OH60605,Oregon,F,High School or Below,3652.5324,39679.0,92.0,0.0,Personal Auto,Two-Door Car,641.388616
164,UO98052,Nevada,M,College,6158.6012,0.0,89.0,0.0,Personal Auto,Four-Door Car,342.481173
165,NC53424,California,M,Bachelor,4376.084,0.0,69.0,4.0,Personal Auto,Two-Door Car,331.2
166,LQ13873,Nevada,M,High School or Below,5569.4562,53565.0,71.0,1.0,Personal Auto,Four-Door Car,340.8
167,LA97014,Washington,M,Bachelor,2576.513,37574.0,66.0,1.0,Personal Auto,Two-Door Car,412.101933
168,NB79936,Washington,M,Bachelor,8346.983199999999,48259.0,108.0,0.0,Personal Auto,Two-Door Car,73.700573
169,NT89061,Arizona,F,High School or Below,6323.9239,78532.0,78.0,0.0,Personal Auto,Four-Door Car,374.4
170,AF10970,Arizona,F,Bachelor,5973.1434,96163.0,73.0,0.0,Corporate Auto,Four-Door Car,350.4
171,ZG48513,California,M,Bachelor,4706.677,0.0,72.0,0.0,Personal Auto,Four-Door Car,345.6
172,JQ59145,California,M,High School or Below,8093.4103000000005,0.0,114.0,1.0,Personal Auto,Luxury,722.024742
173,FE84989,Washington,M,College,5035.7446,72672.0,63.0,0.0,Personal Auto,Four-Door Car,259.361117
174,JT52858,Oregon,F,Bachelor,9027.8672,99002.0,112.0,1.0,Personal Auto,Four-Door Car,537.6
175,MC62068,California,M,High School or Below,7288.8848,79494.0,91.0,0.0,Personal Auto,Four-Door Car,396.295614
176,EU27538,Oregon,M,Master,18042.4794,35704.0,225.0,0.0,Personal Auto,Luxury,358.281562
177,RH42306,Arizona,F,Bachelor,4992.063,0.0,71.0,0.0,Corporate Auto,Four-Door Car,653.388564
178,US23612,Oregon,F,High School or Below,9102.2678,26049.0,118.0,0.0,Personal Auto,Two-Door Car,121.032372
179,WV76014,Arizona,M,Doctor,2540.4076999999997,70125.0,64.0,0.0,Special Auto,Four-Door Car,92.813396
180,RK96223,California,M,College,12941.891899999999,52369.0,110.0,1.0,Personal Auto,SUV,528.0
181,MF82000,Washington,F,Bachelor,2365.3486,0.0,66.0,2.0,Special Auto,Four-Door Car,159.636956
182,FM46980,Arizona,M,College,5720.7651000000005,41770.0,72.0,0.0,Personal Auto,Four-Door Car,476.156957
183,SY56792,Oregon,M,High School or Below,7035.534100000001,0.0,101.0,0.0,Corporate Auto,Four-Door Car,727.2
184,RF61565,California,M,College,2636.9777000000004,31911.0,67.0,0.0,Personal Auto,Four-Door Car,321.6
185,IM94808,Nevada,M,Bachelor,5395.831999999999,70051.0,68.0,0.0,Corporate Auto,Four-Door Car,42.078345
186,VI14730,Oregon,M,High School or Below,8382.6301,19683.0,117.0,1.0,Personal Auto,Luxury,561.6
187,YR34119,Washington,F,College,31161.7452,30916.0,112.0,0.0,Personal Auto,SUV,200.11606
188,RR77985,Oregon,F,Bachelor,2887.7423,0.0,80.0,0.0,Personal Auto,Four-Door Car,676.944023
189,QD28391,Washington,M,College,7425.8453,84302.0,62.0,0.0,Personal Auto,Four-Door Car,76.609295
190,WV17090,California,M,Bachelor,25585.727799999997,0.0,116.0,0.0,Corporate Auto,SUV,830.623064
191,TM23514,Oregon,M,College,10272.608199999999,60145.0,132.0,0.0,Personal Auto,SUV,580.473259
192,MQ68407,Oregon,F,Bachelor,4376.3636,63774.0,111.0,0.0,Personal Auto,Four-Door Car,60.036683
193,GJ59592,California,F,Bachelor,5318.8966,25134.0,67.0,0.0,Corporate Auto,Four-Door Car,321.6
194,FY56083,Oregon,M,Bachelor,4719.7622,37057.0,61.0,1.0,Personal Auto,Four-Door Car,47.53101
195,UA94723,Oregon,F,High School or Below,4428.031599999999,58577.0,110.0,0.0,Personal Auto,SUV,303.872752
196,FW91032,California,M,High School or Below,5879.1761,85857.0,73.0,0.0,Corporate Auto,Four-Door Car,100.620067
197,DE34457,Oregon,F,Doctor,9416.9085,70602.0,116.0,0.0,Personal Auto,SUV,481.339891
198,HD32044,Oregon,F,Master,8288.1556,33816.0,106.0,2.0,Corporate Auto,Four-Door Car,508.8
199,HH30454,Oregon,M,Bachelor,32654.8383,0.0,153.0,0.0,Personal Auto,SUV,1101.6
200,AH84063,Oregon,F,College,4719.4501,89642.0,121.0,4.0,Corporate Auto,SUV,86.320022
201,QA17596,California,F,Bachelor,3903.4748,60068.0,98.0,0.0,Personal Auto,Two-Door Car,470.4
202,XI41052,California,F,Bachelor,5457.2597,50044.0,139.0,0.0,Personal Auto,SUV,667.2
203,DI30528,California,F,Master,2725.3564,36650.0,69.0,1.0,Personal Auto,Four-Door Car,56.60333
204,SC66359,Arizona,F,College,4433.9737,50653.0,110.0,0.0,Corporate Auto,SUV,262.865172
205,EN61670,Arizona,F,Doctor,5332.4627,68931.0,66.0,0.0,Personal Auto,Four-Door Car,309.577946
206,DQ10761,Oregon,M,Bachelor,2315.095,0.0,73.0,1.0,Corporate Auto,Four-Door Car,350.4
207,BQ51587,California,F,College,5411.9537,0.0,73.0,0.0,Personal Auto,Four-Door Car,365.364581
208,JE21522,California,M,Bachelor,9587.3323,39266.0,80.0,0.0,Personal Auto,Four-Door Car,384.0
209,WS47147,California,M,College,22103.507200000004,0.0,102.0,0.0,Personal Auto,SUV,489.6
210,ZA64638,Nevada,F,High School or Below,9764.9453,0.0,98.0,1.0,Personal Auto,Four-Door Car,705.6
211,EW38459,Nevada,F,Bachelor,2567.1515,40864.0,65.0,0.0,Corporate Auto,Four-Door Car,9.51528
212,QW87316,Oregon,F,College,2650.6228,39035.0,68.0,0.0,Personal Auto,Four-Door Car,244.564334
213,IC43478,California,M,Bachelor,11264.3633,34923.0,98.0,0.0,Personal Auto,Two-Door Car,639.105556
214,TE34064,California,M,High School or Below,2168.5235000000002,0.0,63.0,0.0,Personal Auto,Four-Door Car,453.6
215,WU60905,California,F,High School or Below,8610.6675,0.0,111.0,0.0,Corporate Auto,SUV,532.8
216,YM18992,California,F,College,2834.6462,24506.0,71.0,0.0,Personal Auto,Two-Door Car,511.2
217,PD55753,Oregon,M,High School or Below,8930.1397,0.0,82.0,0.0,Personal Auto,Four-Door Car,554.522969
218,KU56006,Arizona,F,College,5536.387,52220.0,70.0,1.0,Personal Auto,Four-Door Car,336.0
219,MJ69973,Arizona,M,High School or Below,2840.8543,0.0,74.0,0.0,Personal Auto,Two-Door Car,402.449823
220,TW43626,California,M,College,8082.880999999999,53554.0,67.0,0.0,Personal Auto,Four-Door Car,327.020539
221,XX84133,California,M,Bachelor,5254.7343,34476.0,67.0,1.0,Corporate Auto,Four-Door Car,5.3953
222,ZW84453,Arizona,F,Bachelor,5116.2376,0.0,70.0,0.0,Personal Auto,Four-Door Car,131.401291
223,HO29524,California,M,College,3034.647,68205.0,76.0,0.0,Personal Auto,Two-Door Car,99.382943
224,VE89726,California,F,High School or Below,8024.8999,0.0,119.0,1.0,Personal Auto,SUV,856.8
225,GE87503,California,M,High School or Below,18211.143200000002,53690.0,154.0,0.0,Personal Auto,SUV,739.2
226,PX90263,Oregon,M,High School or Below,5121.5633,0.0,72.0,0.0,Personal Auto,Four-Door Car,518.4
227,NI17718,California,F,High School or Below,2150.1785999999997,0.0,61.0,0.0,Personal Auto,Four-Door Car,292.8
228,FY32213,California,F,High School or Below,5595.3899,74454.0,71.0,0.0,Personal Auto,Four-Door Car,340.8
229,RZ13254,Nevada,F,Bachelor,7562.8240000000005,0.0,73.0,0.0,Personal Auto,Four-Door Car,350.4
230,GN45013,Oregon,M,High School or Below,5385.8532,29664.0,71.0,0.0,Personal Auto,Four-Door Car,340.8
231,NM39588,Washington,F,Doctor,2678.0583,72450.0,66.0,0.0,Corporate Auto,Four-Door Car,84.218363
232,KU84464,Nevada,F,Bachelor,9422.5679,47272.0,79.0,3.0,Personal Auto,Four-Door Car,64.546877
233,YH43527,Oregon,F,College,3605.8603000000003,21585.0,92.0,0.0,Corporate Auto,Four-Door Car,441.6
234,RO30676,California,F,College,7762.5906,23827.0,106.0,2.0,Personal Auto,Four-Door Car,37.910623
235,QL59704,Arizona,F,College,23444.9005,69906.0,74.0,2.0,Corporate Auto,Four-Door Car,202.860399
236,QH19450,California,F,High School or Below,2558.1782000000003,0.0,72.0,0.0,Corporate Auto,Four-Door Car,345.6
237,SA54664,Washington,M,Master,2654.381,73196.0,66.0,1.0,Personal Auto,Four-Door Car,85.809817
238,CI38330,Washington,M,Bachelor,2549.7861,72217.0,6464.0,0.0,Personal Auto,Four-Door Car,91.146661
239,WB38524,California,M,High School or Below,2969.5933,46131.0,74.0,0.0,Personal Auto,Two-Door Car,355.2
240,CE56187,Oregon,F,Master,4363.1246,54514.0,109.0,3.0,Personal Auto,SUV,286.234931
241,JL19416,California,F,High School or Below,5884.3086,0.0,161.0,0.0,Personal Auto,SUV,1159.2
242,JZ61422,Nevada,F,College,5272.1916,96668.0,66.0,0.0,Personal Auto,Four-Door Car,316.8
243,LA13377,California,M,Doctor,5509.895699999999,78879.0,69.0,1.0,Personal Auto,Four-Door Car,466.570791
244,NC99948,Nevada,M,College,16313.683500000001,0.0,69.0,0.0,Personal Auto,Four-Door Car,331.2
245,QD34785,Arizona,F,Bachelor,5678.050200000001,0.0,76.0,0.0,Personal Auto,Four-Door Car,364.8
246,RO26085,California,F,Bachelor,12101.208799999999,0.0,112.0,0.0,Personal Auto,Luxury,1252.406235
247,ES57969,Oregon,M,Bachelor,2453.5708,29735.0,69.0,0.0,Personal Auto,Four-Door Car,331.2
248,JK55587,California,M,High School or Below,5075.6627,23082.0,65.0,0.0,Special Auto,Four-Door Car,312.0
249,RN97635,Arizona,M,Bachelor,3214.9794,53984.0,80.0,0.0,Corporate Auto,Four-Door Car,421.484456
250,BI76326,California,F,College,12275.3431,52135.0,156.0,0.0,Personal Auto,SUV,430.505942
251,JA34909,California,F,College,2722.2107,17576.0,71.0,0.0,Corporate Auto,Four-Door Car,398.502948
252,OJ90342,Oregon,F,Bachelor,2457.4409,29486.0,62.0,0.0,Personal Auto,Four-Door Car,7.646763
253,CM88932,Oregon,F,Master,3554.8453000000004,58557.0,88.0,0.0,Corporate Auto,Four-Door Car,55.510526
254,JJ97525,California,M,Bachelor,4929.5497,25632.0,63.0,0.0,Personal Auto,Two-Door Car,351.270869
255,XV21647,California,F,High School or Below,8036.4503,0.0,112.0,0.0,Personal Auto,Luxury,806.4
256,MC83487,Arizona,M,Bachelor,4276.915300000001,18768.0,68.0,3.0,Corporate Auto,Four-Door Car,647.454583
257,BL90769,California,F,Bachelor,33473.349500000004,33190.0,106.0,0.0,Personal Auto,SUV,508.8
258,CR57148,Oregon,F,Master,5960.5814,47945.0,74.0,0.0,Personal Auto,Two-Door Car,128.43823
259,CP85232,Arizona,M,College,44795.4694,58778.0,126.0,0.0,Special Auto,SUV,302.033971
260,YL74732,California,F,High School or Below,3832.1181,15192.0,100.0,0.0,Personal Auto,SUV,480.0
261,FG16766,California,F,Bachelor,6837.9326,51859.0,171.0,0.0,Personal Auto,SUV,1003.160633
262,NV55438,Nevada,F,High School or Below,5285.2681999999995,23422.0,72.0,0.0,Personal Auto,Two-Door Car,518.4
263,RM10880,California,F,College,3096.5112,21604.0,79.0,0.0,Corporate Auto,Four-Door Car,379.2
264,GL56175,Arizona,M,College,3589.7107,79298.0,90.0,0.0,Personal Auto,Four-Door Car,244.362072
265,UK52289,Arizona,F,Bachelor,2582.4085,76731.0,64.0,0.0,Special Auto,Four-Door Car,201.455005
266,OT85112,Washington,M,College,3403.9194,38460.0,88.0,1.0,Personal Auto,Four-Door Car,91.55098
267,BC62782,Arizona,F,College,13575.676000000001,48534.0,115.0,1.0,Personal Auto,SUV,552.0
268,TI19722,Washington,M,Doctor,3436.1342999999997,30817.0,88.0,0.0,Corporate Auto,Four-Door Car,91.834668
269,JP30654,Oregon,F,College,28685.8279,48412.0,104.0,0.0,Personal Auto,SUV,707.430832
270,UM45563,Washington,M,Bachelor,4502.6797,68798.0,114.0,0.0,Personal Auto,SUV,92.915251
271,EN60878,Oregon,M,Bachelor,6183.1115,23712.0,85.0,0.0,Personal Auto,Four-Door Car,376.126419
272,JF36291,California,M,College,3873.647,28142.0,105.0,0.0,Personal Auto,Luxury,701.708239
273,BK59444,California,F,Master,18929.3306,72196.0,68.0,0.0,Personal Auto,Four-Door Car,152.184244
274,MK70700,California,M,Master,5553.2958,68197.0,69.0,0.0,Personal Auto,Four-Door Car,176.819414
275,IW71076,California,M,Bachelor,5011.2591999999995,75248.0,63.0,0.0,Corporate Auto,Four-Door Car,104.454624
276,AP98768,California,F,College,10442.4463,0.0,98.0,0.0,Personal Auto,Four-Door Car,941.718054
277,OM24164,Nevada,M,Bachelor,2199.6178,0.0,65.0,1.0,Personal Auto,Two-Door Car,468.0
278,HR85211,Washington,F,Master,5123.1709,89879.0,63.0,0.0,Personal Auto,Two-Door Car,94.030308
279,VC87846,Oregon,M,High School or Below,7484.3105000000005,46998.0,96.0,0.0,Corporate Auto,Four-Door Car,460.8
280,ZM92052,Oregon,M,Bachelor,2613.0231,57099.0,67.0,0.0,Personal Auto,Two-Door Car,67.859881
281,ON73702,Arizona,F,Bachelor,9080.6397,33897.0,114.0,0.0,Corporate Auto,SUV,539.843003
282,QQ90441,Nevada,F,High School or Below,13770.976200000001,59207.0,116.0,0.0,Personal Auto,Four-Door Car,556.8
283,HU35721,Oregon,M,High School or Below,2876.8228999999997,40171.0,73.0,0.0,Personal Auto,Four-Door Car,350.4
284,YP47665,Washington,M,Doctor,5408.9115,80192.0,67.0,0.0,Personal Auto,Four-Door Car,95.193157
285,FU99476,Washington,M,High School or Below,6770.3068,74422.0,85.0,1.0,Personal Auto,Four-Door Car,95.338505
286,AG85615,Oregon,M,College,24143.8756,0.0,87.0,0.0,Special Auto,Four-Door Car,626.4
287,OY74069,Arizona,F,College,3538.0595000000003,0.0,67.0,5.0,Personal Auto,Four-Door Car,321.6
288,DJ91267,Nevada,F,Bachelor,29091.2394,34226.0,244.0,0.0,Personal Auto,Luxury,494.395024
289,KB72438,California,F,High School or Below,19834.2012,65989.0,123.0,1.0,Personal Auto,SUV,115.545086
290,TR67616,Oregon,M,High School or Below,4731.367,30686.0,61.0,0.0,Corporate Auto,Four-Door Car,19.938981
291,GF65731,California,F,Master,35537.846,0.0,113.0,0.0,Personal Auto,Luxury,799.926741
292,HB67642,Arizona,F,High School or Below,34611.379,20090.0,109.0,0.0,Personal Auto,Luxury,523.2
293,DP84567,California,M,High School or Below,20216.3088,0.0,183.0,0.0,Personal Auto,Luxury,878.4
294,VV77534,Oregon,M,College,13976.5193,77094.0,176.0,0.0,Personal Auto,SUV,444.470676
295,GL67540,California,F,College,5904.088199999999,97413.0,73.0,0.0,Personal Auto,Four-Door Car,268.819985
296,SV50502,Oregon,F,Master,5595.835,79189.0,69.0,0.0,Corporate Auto,Four-Door Car,331.2
297,UK59698,California,F,High School or Below,2294.3035999999997,0.0,62.0,0.0,Personal Auto,Two-Door Car,297.6
298,OA57352,Arizona,F,College,6273.911899999999,18577.0,86.0,0.0,Personal Auto,Four-Door Car,412.8
299,ZF84449,Oregon,F,College,3726.728,0.0,112.0,1.0,Special Auto,Luxury,806.4
300,AX86150,Washington,M,High School or Below,2656.7131,62777.0,67.0,0.0,Personal Auto,Two-Door Car,101.288069
301,HG39060,Oregon,M,Bachelor,5110.6808,0.0,74.0,0.0,Corporate Auto,Four-Door Car,532.8
302,EM29359,Nevada,M,College,7126.596500000001,17483.0,183.0,0.0,Personal Auto,Luxury,1317.6
303,SF57173,Oregon,M,Master,4601.634099999999,84394.0,114.0,0.0,Personal Auto,SUV,691.412378
304,OT47603,Oregon,M,College,9155.2397,0.0,127.0,0.0,Personal Auto,Luxury,804.811859
305,SW31412,Oregon,F,College,14808.0562,41440.0,62.0,1.0,Personal Auto,Four-Door Car,297.6
306,JS36322,Arizona,M,High School or Below,8901.678399999999,0.0,136.0,1.0,Personal Auto,Luxury,1090.86434
307,RE81445,Oregon,F,College,5734.598199999999,98132.0,71.0,0.0,Personal Auto,Two-Door Car,50.587035
308,RM24280,Oregon,F,High School or Below,4177.697,0.0,112.0,0.0,Personal Auto,Four-Door Car,537.6
309,LC25393,California,M,Bachelor,27776.2891,88220.0,230.0,0.0,Personal Auto,Luxury,151.528482
310,UX38930,Arizona,F,Master,10364.3475,58327.0,129.0,0.0,Personal Auto,SUV,347.075948
311,HD95496,Oregon,M,Master,7851.9014,25950.0,66.0,0.0,Personal Auto,Two-Door Car,271.697529
312,RX24650,Oregon,M,High School or Below,4772.9438,20993.0,133.0,0.0,Corporate Auto,SUV,638.4
313,DW19309,Oregon,M,High School or Below,14226.5049,65726.0,177.0,0.0,Corporate Auto,SUV,849.6
314,MT41386,Washington,M,Bachelor,2875.4323999999997,84768.0,72.0,0.0,Personal Auto,Two-Door Car,110.484661
315,WZ40465,Washington,F,Bachelor,5041.2996,36234.0,63.0,0.0,Personal Auto,Four-Door Car,113.534474
316,DB42794,California,M,College,4362.9312,58842.0,110.0,0.0,Personal Auto,Four-Door Car,528.0
317,JB50798,Oregon,F,Master,9624.5244,25629.0,124.0,2.0,Corporate Auto,Luxury,595.2
318,IP69763,Washington,F,College,21914.405499999997,77311.0,181.0,0.0,Personal Auto,SUV,113.609508
319,TE35785,California,M,Doctor,6948.4222,0.0,196.0,2.0,Personal Auto,Luxury,1337.063487
320,HX74855,Washington,M,High School or Below,2471.5284,95697.0,61.0,0.0,Personal Auto,Two-Door Car,114.273025
321,QN65180,Oregon,F,Bachelor,21903.9136,22254.0,79.0,0.0,Personal Auto,Four-Door Car,125.194389
322,GE47180,Nevada,M,High School or Below,9028.8214,65974.0,113.0,0.0,Personal Auto,Luxury,235.220971
323,VQ38776,Oregon,F,College,5303.759499999999,0.0,76.0,0.0,Personal Auto,Four-Door Car,395.34111
324,BH86846,Washington,M,High School or Below,20708.2588,92079.0,65.0,1.0,Corporate Auto,Four-Door Car,114.798771
325,IN17648,Nevada,M,High School or Below,5123.7681,0.0,74.0,0.0,Personal Auto,Two-Door Car,772.798511
326,DF95759,Oregon,M,College,9492.343,0.0,132.0,0.0,Personal Auto,SUV,633.6
327,QG45324,Oregon,F,High School or Below,8204.8632,0.0,73.0,0.0,Personal Auto,Four-Door Car,350.4
328,MN61620,Arizona,F,College,9877.295699999999,67752.0,131.0,4.0,Personal Auto,Luxury,168.517149
329,YH86390,California,F,Bachelor,4815.0097,25398.0,64.0,0.0,Corporate Auto,Four-Door Car,307.2
330,FY13480,California,M,High School or Below,6277.0117,0.0,88.0,0.0,Personal Auto,Four-Door Car,633.6
331,YH61661,California,M,High School or Below,8260.639799999999,33321.0,105.0,0.0,Special Auto,SUV,504.0
332,NL93182,Nevada,M,Bachelor,2549.45,0.0,78.0,0.0,Corporate Auto,Four-Door Car,845.654042
333,WE68644,Oregon,F,Bachelor,3803.9218,20325.0,100.0,0.0,Personal Auto,Luxury,668.29397
334,EZ30498,Oregon,M,Bachelor,8635.4035,13129.0,117.0,0.0,Personal Auto,SUV,700.901632
335,QY74517,Oregon,F,High School or Below,5510.559,0.0,73.0,0.0,Personal Auto,Four-Door Car,525.6
336,NM88660,Nevada,M,Master,3585.8840999999998,49080.0,91.0,0.0,Corporate Auto,Four-Door Car,25.299
337,MZ82036,Nevada,M,College,4889.2528,42536.0,63.0,0.0,Personal Auto,Four-Door Car,375.330097
338,ID20929,Oregon,M,Bachelor,2756.9417,29926.0,74.0,0.0,Corporate Auto,Four-Door Car,418.233667
339,EY50028,Nevada,M,Doctor,3289.5474,0.0,86.0,0.0,Corporate Auto,Two-Door Car,398.240791
340,TT82373,California,F,Bachelor,10937.178500000002,21450.0,138.0,0.0,Personal Auto,Luxury,938.513425
341,OH64088,California,M,High School or Below,7375.5679,33345.0,65.0,0.0,Corporate Auto,Four-Door Car,338.619869
342,SK97780,California,F,Bachelor,10110.778199999999,15752.0,90.0,0.0,Corporate Auto,Two-Door Car,339.344531
343,IO33050,Oregon,F,High School or Below,5119.4143,40169.0,65.0,1.0,Personal Auto,Four-Door Car,302.818833
344,XA55917,California,F,College,8533.832,26049.0,113.0,1.0,Personal Auto,SUV,619.165344
345,JK32620,Nevada,M,College,2224.768,0.0,68.0,0.0,Personal Auto,Four-Door Car,326.4
346,RQ19236,Arizona,M,Doctor,8042.8038,55411.0,100.0,0.0,Personal Auto,Luxury,259.561195
347,QC47433,Oregon,M,College,2554.4371,12459.0,70.0,0.0,Personal Auto,Four-Door Car,336.0
348,RA93608,Oregon,M,Bachelor,18073.94,64620.0,76.0,1.0,Personal Auto,Two-Door Car,364.8
349,XH97711,California,M,Bachelor,2430.5066,83140.0,61.0,0.0,Corporate Auto,Four-Door Car,179.161843
350,AU96286,Oregon,F,Bachelor,3167.6584000000003,0.0,92.0,0.0,Corporate Auto,Four-Door Car,662.4
351,KC17170,Arizona,F,Bachelor,5465.604,54422.0,68.0,0.0,Corporate Auto,Four-Door Car,75.501852
352,ZN47335,California,M,College,10357.5142,68309.0,131.0,0.0,Corporate Auto,SUV,306.983596
353,EI46264,California,M,High School or Below,2537.8139,56621.0,65.0,2.0,Personal Auto,Four-Door Car,84.026848
354,EK87864,Arizona,F,College,2821.9471999999996,38977.0,70.0,0.0,Special Auto,Four-Door Car,139.489926
355,GV45403,Arizona,M,Bachelor,7757.128100000001,0.0,111.0,0.0,Corporate Auto,Two-Door Car,607.4459
356,QK31192,Arizona,M,High School or Below,4079.1327,0.0,114.0,0.0,Corporate Auto,Two-Door Car,631.124372
357,LU89008,Arizona,F,College,5955.544599999999,0.0,83.0,0.0,Personal Auto,Four-Door Car,628.023494
358,NS10490,Oregon,F,Bachelor,14158.6136,83235.0,70.0,0.0,Personal Auto,Two-Door Car,336.0
359,KL98495,Nevada,M,College,8487.238000000001,0.0,74.0,0.0,Personal Auto,Two-Door Car,426.655599
360,IU96845,Arizona,M,College,6285.4769,32390.0,80.0,0.0,Personal Auto,Four-Door Car,91.417923
361,QL93655,Oregon,F,High School or Below,11473.4815,66538.0,95.0,0.0,Personal Auto,Two-Door Car,317.844812
362,PF40592,Washington,F,College,4942.6306,23285.0,65.0,0.0,Personal Auto,Two-Door Car,118.446235
363,LZ34046,Oregon,M,Bachelor,23594.6802,76358.0,66.0,0.0,Personal Auto,Four-Door Car,86.461582
364,JC80093,Washington,M,Master,2572.5066,21104.0,66.0,0.0,Personal Auto,Four-Door Car,118.454974
365,YE88490,Arizona,F,College,5380.8985999999995,55350.0,67.0,0.0,Personal Auto,Four-Door Car,321.6
366,YC80498,California,F,College,4770.5509,12964.0,65.0,0.0,Personal Auto,Two-Door Car,362.774545
367,AI85843,Arizona,F,Master,6756.6514,33288.0,86.0,2.0,Personal Auto,Four-Door Car,221.856184
368,XD66024,Arizona,F,College,5936.0118,0.0,84.0,0.0,Personal Auto,Four-Door Car,980.169081
369,FY51713,Arizona,F,Bachelor,3570.7605,56168.0,88.0,0.0,Personal Auto,Four-Door Car,614.675906
370,PH26378,California,M,College,6019.9605,0.0,92.0,0.0,Personal Auto,Four-Door Car,662.4
371,WQ18638,Oregon,M,High School or Below,5426.8640000000005,23105.0,69.0,0.0,Personal Auto,Two-Door Car,331.2
372,KY14688,Oregon,F,Master,2730.3138,36218.0,68.0,0.0,Personal Auto,Four-Door Car,145.252168
373,TC97762,California,F,High School or Below,4982.6814,52275.0,62.0,0.0,Corporate Auto,Four-Door Car,374.240783
374,QC87108,Oregon,F,College,8769.266800000001,49665.0,74.0,0.0,Personal Auto,Four-Door Car,355.2
375,CX12134,Nevada,M,High School or Below,4220.6134999999995,32471.0,110.0,0.0,Personal Auto,Two-Door Car,528.0
376,SM73248,Arizona,M,High School or Below,11537.5051,0.0,86.0,1.0,Corporate Auto,Two-Door Car,619.2
377,CK19789,California,F,Master,5887.182,62773.0,73.0,0.0,Personal Auto,Four-Door Car,80.669257
378,UV12583,California,F,College,4700.5838,76694.0,117.0,0.0,Personal Auto,SUV,561.6
379,JC11405,Oregon,M,High School or Below,10963.957199999999,55687.0,276.0,0.0,Personal Auto,Luxury,1324.8
380,KA89683,Arizona,F,High School or Below,2523.1711999999998,0.0,70.0,0.0,Personal Auto,Four-Door Car,504.0
381,BG85305,Nevada,M,Doctor,3757.8046999999997,36633.0,96.0,1.0,Personal Auto,Four-Door Car,460.8
382,UQ87917,Oregon,M,High School or Below,12941.7335,77060.0,106.0,0.0,Personal Auto,SUV,468.566133
383,XN11823,Nevada,F,Bachelor,3764.4651,92600.0,94.0,0.0,Corporate Auto,Two-Door Car,842.43785
384,OS46571,California,M,High School or Below,6889.557,0.0,66.0,0.0,Personal Auto,Four-Door Car,475.2
385,PX17116,Nevada,M,College,3623.4541999999997,0.0,111.0,2.0,Corporate Auto,SUV,1171.93117
386,RP19541,Arizona,M,College,7582.1138,64801.0,64.0,0.0,Personal Auto,Four-Door Car,268.471802
387,ZR25747,Oregon,F,College,8277.7456,45257.0,103.0,0.0,Corporate Auto,Two-Door Car,494.4
388,NQ86532,California,M,High School or Below,2576.4556,26854.0,66.0,0.0,Personal Auto,Four-Door Car,475.2
389,JY27336,Oregon,F,College,8205.3879,85840.0,102.0,2.0,Corporate Auto,SUV,138.722385
390,PB54378,Oregon,F,Doctor,19582.4689,26463.0,72.0,0.0,Corporate Auto,Four-Door Car,345.6
391,SV38190,Nevada,F,Bachelor,6481.5266,30689.0,81.0,0.0,Personal Auto,Four-Door Car,467.24802
392,CV24005,Oregon,M,High School or Below,2599.3109,29590.0,66.0,0.0,Corporate Auto,Two-Door Car,467.503236
393,EX28656,Oregon,F,College,9830.3376,25965.0,253.0,0.0,Personal Auto,Luxury,1214.4
394,CF57022,Oregon,M,Bachelor,10442.6514,17269.0,139.0,0.0,Personal Auto,SUV,667.2
395,GM16780,Oregon,M,College,36057.537000000004,90330.0,137.0,3.0,Corporate Auto,Luxury,192.085299
396,BX94438,California,F,High School or Below,8470.0368,0.0,113.0,0.0,Corporate Auto,SUV,619.973889
397,RM41745,California,F,High School or Below,8278.7865,0.0,110.0,0.0,Personal Auto,Four-Door Car,1002.782553
398,XR70252,California,F,High School or Below,4788.9326,0.0,67.0,1.0,Personal Auto,Two-Door Car,321.6
399,YH92099,Arizona,F,Bachelor,3087.9999,18558.0,80.0,0.0,Special Auto,Four-Door Car,384.0
400,SG81493,Arizona,M,Bachelor,4443.7362,46384.0,113.0,0.0,Corporate Auto,Four-Door Car,251.774574
401,ZX23819,Oregon,F,High School or Below,7984.0865,0.0,72.0,0.0,Personal Auto,Two-Door Car,866.208321
402,FJ54907,Oregon,F,College,7180.971,42303.0,180.0,0.0,Personal Auto,Luxury,1210.920949
403,CU26127,California,F,Bachelor,15656.0343,71731.0,130.0,0.0,Corporate Auto,SUV,599.648466
404,YH60476,Oregon,M,High School or Below,5780.182199999999,51066.0,74.0,0.0,Corporate Auto,Four-Door Car,787.993313
405,ZZ97035,California,M,College,20714.9404,0.0,203.0,0.0,Corporate Auto,Luxury,2027.724442
406,GE82737,Nevada,F,Bachelor,5337.3524,0.0,86.0,3.0,Personal Auto,Four-Door Car,619.2
407,KY21873,Arizona,M,College,5050.8261999999995,0.0,69.0,0.0,Personal Auto,Two-Door Car,72.852047
408,UA51318,Arizona,F,High School or Below,5116.624,26173.0,68.0,1.0,Corporate Auto,Four-Door Car,449.819671
409,BV55014,Oregon,M,Bachelor,7268.736999999999,24445.0,63.0,0.0,Personal Auto,Two-Door Car,302.4
410,HX21307,Oregon,M,College,2616.6139000000003,72302.0,66.0,0.0,Personal Auto,Two-Door Car,316.8
411,LQ68252,Oregon,M,High School or Below,3738.4362,27208.0,102.0,0.0,Personal Auto,SUV,489.6
412,CR92802,California,F,Master,2725.3564,36650.0,69.0,1.0,Special Auto,Four-Door Car,56.60333
413,SL35268,Arizona,M,College,5453.8612,30855.0,68.0,0.0,Corporate Auto,Four-Door Car,259.060862
414,RD62882,Arizona,F,Bachelor,6846.1503,0.0,95.0,0.0,Personal Auto,Two-Door Car,456.0
415,JS42382,Oregon,M,Master,6172.9142,99960.0,76.0,0.0,Corporate Auto,Four-Door Car,364.8
416,BT30554,Arizona,F,Bachelor,10346.324499999999,0.0,98.0,0.0,Personal Auto,Four-Door Car,470.4
417,VP57424,Nevada,F,Bachelor,6997.0086,55873.0,88.0,0.0,Personal Auto,Four-Door Car,299.356083
418,VU19243,Arizona,F,High School or Below,4196.2577,18052.0,111.0,0.0,Personal Auto,Four-Door Car,699.1679
419,TA82973,Oregon,F,High School or Below,7858.1098,28937.0,104.0,2.0,Personal Auto,SUV,117.959654
420,GK71720,Oregon,F,High School or Below,6064.344,0.0,86.0,0.0,Personal Auto,Four-Door Car,545.240341
421,OQ61223,California,M,College,17497.522,0.0,73.0,0.0,Personal Auto,Two-Door Car,350.4
422,LL62746,Oregon,M,Doctor,8970.6473,12829.0,118.0,0.0,Personal Auto,SUV,328.231432
423,JQ56711,Oregon,F,Master,5923.1172,92163.0,73.0,0.0,Personal Auto,Two-Door Car,66.568642
424,AW77988,Oregon,M,High School or Below,35850.5994,17588.0,192.0,0.0,Personal Auto,Luxury,1382.4
425,QP84605,Washington,F,Bachelor,8709.8453,41546.0,111.0,0.0,Corporate Auto,Four-Door Car,121.306839
426,MY97912,Arizona,M,College,13309.3352,0.0,127.0,0.0,Personal Auto,SUV,609.6
427,IB87349,California,M,High School or Below,4528.5049,70340.0,113.0,0.0,Special Auto,Four-Door Car,542.4
428,AW73065,Oregon,F,High School or Below,2791.9065,0.0,74.0,0.0,Personal Auto,Four-Door Car,532.8
429,BW80872,Washington,M,High School or Below,4434.4112,34549.0,111.0,0.0,Personal Auto,Four-Door Car,125.933005
430,PX70175,Arizona,M,College,7996.0075,93459.0,99.0,0.0,Personal Auto,Four-Door Car,655.41333
431,KF75098,Arizona,M,Bachelor,5129.7390000000005,86148.0,65.0,2.0,Personal Auto,Four-Door Car,312.0
432,IS50283,California,F,Bachelor,5697.175200000001,27048.0,72.0,0.0,Corporate Auto,Four-Door Car,345.6
433,MY64920,Oregon,F,College,9217.1306,73259.0,115.0,0.0,Personal Auto,SUV,673.34265
434,KN34250,Oregon,F,College,10208.9276,35482.0,129.0,0.0,Corporate Auto,SUV,619.2
435,GN46207,Oregon,F,Master,4170.6873,29462.0,107.0,1.0,Personal Auto,SUV,513.6
436,KL57176,Oregon,F,College,4505.4058,67801.0,115.0,1.0,Personal Auto,SUV,23.810491
437,MN94234,California,M,High School or Below,3107.5686,0.0,94.0,4.0,Personal Auto,Two-Door Car,451.2
438,JY90595,Arizona,M,High School or Below,5528.665,16042.0,73.0,0.0,Personal Auto,Two-Door Car,350.4
439,HK26543,California,M,High School or Below,5045.8667,28056.0,64.0,1.0,Personal Auto,Four-Door Car,307.2
440,PN86062,California,M,High School or Below,2962.7225,16495.0,85.0,3.0,Corporate Auto,Four-Door Car,408.0
441,VW27730,California,F,Master,8665.956400000001,41163.0,108.0,0.0,Corporate Auto,SUV,231.922173
442,SH55671,Arizona,F,College,11413.441200000001,0.0,161.0,1.0,Personal Auto,Luxury,772.8
443,MO56878,California,M,Bachelor,15488.431999999999,33799.0,109.0,3.0,Corporate Auto,SUV,664.980242
444,VO38365,Washington,F,College,8861.1495,90125.0,110.0,0.0,Corporate Auto,SUV,128.645946
445,SV35618,Oregon,F,Bachelor,5934.7415,87747.0,147.0,1.0,Personal Auto,SUV,46.492039
446,RX12347,Nevada,M,College,3543.2321,35695.0,90.0,0.0,Personal Auto,Four-Door Car,432.0
447,FR55658,California,M,Master,3490.0283,90985.0,87.0,0.0,Personal Auto,Four-Door Car,78.085149
448,XS12556,California,F,College,3683.0998999999997,0.0,101.0,0.0,Corporate Auto,Luxury,564.466556
449,ZU73588,California,M,College,5989.7739,66839.0,154.0,0.0,Personal Auto,Luxury,739.2
450,WT43034,California,F,High School or Below,12500.843,0.0,165.0,0.0,Personal Auto,SUV,792.0
451,VM13430,Oregon,F,Bachelor,8609.1582,79090.0,107.0,0.0,Corporate Auto,SUV,289.040734
452,TC78849,Oregon,M,Bachelor,2497.4551,24825.0,64.0,0.0,Personal Auto,Two-Door Car,155.938593
453,VC34764,California,M,College,7019.1772,26806.0,63.0,0.0,Personal Auto,Four-Door Car,302.4
454,WO90953,Oregon,F,College,5387.9263,56835.0,67.0,0.0,Personal Auto,Two-Door Car,326.549425
455,IU47468,Oregon,F,Bachelor,6165.5575,0.0,88.0,0.0,Special Auto,Two-Door Car,653.65668
456,KO46064,California,M,Bachelor,2730.2028999999998,46135.0,69.0,0.0,Personal Auto,Four-Door Car,103.935601
457,RB34917,Arizona,F,Bachelor,5162.1169,0.0,73.0,0.0,Personal Auto,Four-Door Car,809.532341
458,BI38192,Oregon,F,High School or Below,7937.0648,22862.0,67.0,0.0,Personal Auto,Two-Door Car,321.6
459,PU18983,Oregon,F,High School or Below,8608.1572,21450.0,110.0,2.0,Personal Auto,Luxury,528.0
460,SW79912,Oregon,M,Bachelor,2632.5458000000003,95854.0,65.0,0.0,Personal Auto,Two-Door Car,312.0
461,ES39217,Oregon,F,Bachelor,7785.0042,44897.0,99.0,1.0,Personal Auto,Four-Door Car,580.72531
462,KP72427,Washington,M,High School or Below,21639.8386,64455.0,108.0,0.0,Personal Auto,SUV,133.735395
463,UA19178,Oregon,F,Master,4980.825,53265.0,62.0,0.0,Personal Auto,Four-Door Car,238.005074
464,PR53785,Arizona,F,High School or Below,7457.2378,0.0,198.0,1.0,Personal Auto,Luxury,1577.674417
465,XF57481,Washington,M,Master,10640.9393,50450.0,90.0,0.0,Personal Auto,Two-Door Car,135.892444
466,CN90378,California,F,High School or Below,6862.5082999999995,54780.0,88.0,3.0,Personal Auto,Four-Door Car,135.26125
467,KI56154,Nevada,M,High School or Below,9048.9834,0.0,119.0,0.0,Personal Auto,Luxury,571.2
468,UI55951,California,M,Bachelor,5548.031899999999,67798.0,69.0,0.0,Personal Auto,Four-Door Car,331.2
469,FF28650,Oregon,M,Bachelor,8312.6816,21442.0,118.0,0.0,Personal Auto,SUV,566.4
470,FS55302,California,M,Bachelor,2389.981,27615.0,62.0,1.0,Personal Auto,Four-Door Car,297.6
471,TN79487,California,M,Bachelor,4458.1134,17622.0,65.0,1.0,Personal Auto,Four-Door Car,312.0
472,HG32616,Nevada,M,High School or Below,5295.7417000000005,50200.0,135.0,0.0,Personal Auto,Luxury,637.063458
473,UK41984,Arizona,F,Doctor,3839.6061,0.0,112.0,2.0,Personal Auto,SUV,537.6
474,LZ52266,California,F,High School or Below,3731.5046,0.0,96.0,0.0,Personal Auto,Four-Door Car,460.8
475,PM27367,California,F,Master,2778.9037,73570.0,70.0,1.0,Special Auto,Two-Door Car,75.936096
476,ZK21724,Oregon,F,High School or Below,4016.542,0.0,111.0,0.0,Personal Auto,SUV,799.2
477,BH35482,Washington,M,Doctor,4930.9493,70412.0,61.0,0.0,Corporate Auto,Two-Door Car,136.291083
478,QE22757,Nevada,M,Doctor,2491.317,36631.0,62.0,0.0,Personal Auto,Four-Door Car,67.530904
479,ON77649,Oregon,F,College,2908.8759000000005,35895.0,73.0,0.0,Personal Auto,Four-Door Car,312.921256
480,RN82884,Arizona,F,College,4282.948,40864.0,109.0,1.0,Personal Auto,SUV,166.937747
481,CQ75652,Oregon,M,College,8341.6237,0.0,118.0,0.0,Personal Auto,Four-Door Car,566.4
482,FF58467,Arizona,F,Master,5090.7813,93018.0,63.0,0.0,Personal Auto,Four-Door Car,135.382194
483,BS83666,Oregon,M,Bachelor,7366.1883,70014.0,62.0,0.0,Corporate Auto,Four-Door Car,17.742954
484,WO29605,Oregon,F,College,2436.8751,48875.0,61.0,0.0,Personal Auto,Two-Door Car,1.838367
485,TL77607,California,M,Bachelor,8852.6887,67969.0,74.0,0.0,Personal Auto,Four-Door Car,197.776009
486,EZ50606,Oregon,F,High School or Below,23875.4768,0.0,108.0,0.0,Corporate Auto,SUV,612.102262
487,OS39723,Oregon,F,Doctor,5600.4965,68665.0,69.0,0.0,Personal Auto,Two-Door Car,331.2
488,FN69743,California,M,College,4636.5465,26802.0,66.0,1.0,Corporate Auto,Two-Door Car,316.8
489,XW96958,Nevada,M,High School or Below,7573.3451000000005,0.0,110.0,0.0,Corporate Auto,Four-Door Car,1193.036154
490,TU92578,California,M,College,14696.6355,45345.0,125.0,0.0,Personal Auto,SUV,600.0
491,TL43709,Washington,M,Bachelor,8972.140300000001,89689.0,74.0,0.0,Personal Auto,Four-Door Car,136.829537
492,YE68736,California,F,Bachelor,7724.8401,32051.0,193.0,1.0,Personal Auto,SUV,926.4
493,OB96537,Oregon,M,Master,5946.6707,81139.0,74.0,0.0,Special Auto,Four-Door Car,392.6364
494,EU68825,Oregon,F,Master,8000.5451,63834.0,100.0,1.0,Personal Auto,Luxury,215.226476
495,CC31456,Arizona,M,Bachelor,6457.561,37548.0,81.0,0.0,Special Auto,Four-Door Car,160.598662
496,DJ77787,Arizona,F,High School or Below,7281.4401,0.0,69.0,3.0,Personal Auto,Four-Door Car,371.803029
497,LN26837,California,M,High School or Below,2592.4378,72421.0,65.0,0.0,Personal Auto,Four-Door Car,312.0
498,YI92916,Nevada,M,Master,4678.423400000001,83102.0,116.0,0.0,Corporate Auto,Four-Door Car,443.670399
499,NW54906,Oregon,M,College,13869.927099999999,28432.0,118.0,0.0,Personal Auto,SUV,612.300581
500,ME77513,Nevada,F,Master,8717.7778,83707.0,108.0,0.0,Corporate Auto,Four-Door Car,290.391526
501,UK76891,California,F,College,5233.9868,63259.0,65.0,0.0,Corporate Auto,Four-Door Car,316.795337
502,SI26888,Nevada,F,High School or Below,4764.1897,0.0,67.0,0.0,Personal Auto,Four-Door Car,405.527937
503,YD74948,Oregon,F,College,2472.4692,63860.0,62.0,0.0,Personal Auto,Four-Door Car,208.598246
504,HB64268,Washington,M,Bachelor,2813.6926000000003,43836.0,73.0,0.0,Personal Auto,Four-Door Car,138.130879
505,BW52697,California,F,College,5505.057,86132.0,68.0,0.0,Personal Auto,Two-Door Car,301.437365
506,NL41409,Oregon,F,Bachelor,2606.2085,28519.0,66.0,0.0,Personal Auto,Two-Door Car,456.473115
507,OD69005,Arizona,F,High School or Below,10481.943800000001,39102.0,88.0,0.0,Personal Auto,Four-Door Car,152.338562
508,ZZ91716,California,F,Bachelor,3256.7664,0.0,89.0,0.0,Personal Auto,Four-Door Car,491.755368
509,UK70255,California,F,College,30475.780499999997,97298.0,128.0,0.0,Personal Auto,Luxury,48.517439
510,QT25383,Nevada,M,High School or Below,6364.9021999999995,41986.0,84.0,2.0,Personal Auto,Two-Door Car,430.375049
511,AW18068,Arizona,M,High School or Below,9468.5093,0.0,88.0,0.0,Personal Auto,Two-Door Car,633.6
512,NS45347,Oregon,F,College,5631.451899999999,17291.0,73.0,0.0,Personal Auto,Four-Door Car,350.4
513,FV19421,California,M,Bachelor,7780.9993,0.0,74.0,0.0,Personal Auto,Four-Door Car,246.489123
514,XW89091,California,M,College,9816.5283,37256.0,62.0,0.0,Personal Auto,Four-Door Car,128.969729
515,YC11951,Oregon,M,High School or Below,7519.1336,96306.0,95.0,1.0,Corporate Auto,Four-Door Car,185.355353
516,UY18770,California,F,Bachelor,10179.716999999999,14290.0,271.0,0.0,Personal Auto,Luxury,1300.8
517,RA49085,California,F,College,2772.8392,37038.0,71.0,1.0,Corporate Auto,Four-Door Car,9.071305
518,BG84194,Oregon,M,College,4037.5018,90760.0,103.0,2.0,Special Auto,SUV,133.475315
519,PT64580,Washington,M,Master,4191.9661,77048.0,103.0,0.0,Personal Auto,SUV,141.199465
520,MR67738,Oregon,F,High School or Below,2676.8678999999997,54480.0,67.0,0.0,Personal Auto,Four-Door Car,321.6
521,DM95829,California,M,College,2523.9596,16244.0,68.0,0.0,Personal Auto,Two-Door Car,623.223617
522,DB75522,California,F,College,6988.4016,22436.0,89.0,0.0,Special Auto,Four-Door Car,427.2
523,LM34525,Washington,F,College,8742.0578,71592.0,72.0,0.0,Personal Auto,Four-Door Car,141.725051
524,WW30771,Arizona,M,Master,2673.3196000000003,28728.0,67.0,0.0,Personal Auto,Four-Door Car,321.6
525,QP65569,Arizona,M,High School or Below,12157.3299,57449.0,103.0,0.0,Personal Auto,Four-Door Car,494.4
526,TN50051,California,F,Doctor,2957.764,83318.0,73.0,0.0,Personal Auto,Two-Door Car,211.336937
527,UO86707,Washington,M,Bachelor,7173.9094,75217.0,61.0,1.0,Personal Auto,Four-Door Car,147.080303
528,JA41698,Nevada,M,Bachelor,3099.538,0.0,102.0,5.0,Corporate Auto,SUV,862.762957
529,NX18774,Oregon,M,Bachelor,8415.6846,55308.0,107.0,0.0,Corporate Auto,SUV,513.6
530,DA69469,Oregon,F,College,26843.1245,36068.0,97.0,0.0,Personal Auto,Two-Door Car,113.367765
531,CN23147,Oregon,M,Bachelor,13057.1707,48804.0,112.0,1.0,Corporate Auto,Four-Door Car,537.6
532,RA68844,Oregon,M,College,9599.9502,0.0,131.0,0.0,Personal Auto,SUV,943.2
533,GH42026,Oregon,M,Bachelor,8535.1089,55790.0,111.0,0.0,Personal Auto,SUV,117.672722
534,BD16530,Arizona,F,Bachelor,8293.481899999999,70258.0,69.0,0.0,Personal Auto,Four-Door Car,225.145949
535,JH91579,Oregon,F,Bachelor,6846.1503,0.0,95.0,0.0,Personal Auto,Two-Door Car,456.0
536,WK23685,Oregon,F,Bachelor,6636.8598,47274.0,83.0,1.0,Corporate Auto,Four-Door Car,182.432565
537,GR62267,Washington,F,College,5609.0825,44705.0,71.0,0.0,Personal Auto,Two-Door Car,148.173152
538,PI78084,Arizona,M,High School or Below,5077.320900000001,0.0,73.0,0.0,Personal Auto,Two-Door Car,525.6
539,GF97874,Washington,F,Master,5275.6269999999995,70446.0,65.0,0.0,Personal Auto,Four-Door Car,155.570802
540,ZH19885,Washington,F,High School or Below,2514.592,43860.0,65.0,0.0,Personal Auto,Four-Door Car,156.124914
541,UK25655,Oregon,F,Bachelor,3435.2501,64348.0,86.0,0.0,Personal Auto,Two-Door Car,212.391975
542,QR45101,Oregon,M,Bachelor,6624.611800000001,0.0,62.0,0.0,Corporate Auto,Two-Door Car,297.6
543,EL93539,California,M,Master,5757.4423,88997.0,72.0,0.0,Special Auto,Four-Door Car,174.041566
544,EE99484,Washington,F,High School or Below,2514.592,43860.0,65.0,0.0,Corporate Auto,Four-Door Car,156.124914
545,DP46882,California,F,High School or Below,2886.4516,10312.0,78.0,0.0,Corporate Auto,Four-Door Car,486.278557
546,WP41146,California,F,High School or Below,5341.4388,0.0,72.0,1.0,Personal Auto,Four-Door Car,345.6
547,TK60799,Arizona,F,High School or Below,4160.0181,96263.0,103.0,0.0,Personal Auto,SUV,1.924709
548,DN29808,California,F,College,2846.2454,28919.0,72.0,0.0,Corporate Auto,Four-Door Car,518.4
549,SS59521,Oregon,F,College,4770.2566,0.0,68.0,1.0,Personal Auto,Two-Door Car,326.4
550,NG66579,Oregon,M,Bachelor,5059.6162,41869.0,64.0,0.0,Personal Auto,Two-Door Car,262.12205
551,TC14209,Arizona,F,High School or Below,9095.7446,0.0,128.0,0.0,Personal Auto,SUV,921.6
552,ED50963,California,F,High School or Below,2688.864,32808.0,68.0,1.0,Personal Auto,Four-Door Car,541.695658
553,GP40701,California,F,Bachelor,8277.6376,79780.0,68.0,0.0,Personal Auto,Four-Door Car,326.4
554,CP98451,Oregon,F,College,9057.935300000001,91025.0,112.0,0.0,Personal Auto,SUV,327.682669
555,NX52648,California,F,High School or Below,3801.7504,33043.0,95.0,0.0,Personal Auto,Two-Door Car,456.0
556,ZC32510,Arizona,M,High School or Below,9339.3416,69442.0,118.0,3.0,Personal Auto,Four-Door Car,1265.570302
557,NG27780,Oregon,M,College,2520.1232,0.0,70.0,0.0,Corporate Auto,Four-Door Car,63.043197
558,HN95240,Arizona,F,College,4984.0953,0.0,70.0,0.0,Corporate Auto,Four-Door Car,336.0
559,EB59129,Oregon,F,Bachelor,2595.748,47234.0,65.0,0.0,Personal Auto,Four-Door Car,15.631363
560,RA70851,Oregon,M,High School or Below,7437.6933,86863.0,92.0,0.0,Personal Auto,Four-Door Car,441.6
561,PM19162,Oregon,M,Bachelor,14536.7876,25805.0,66.0,2.0,Personal Auto,Four-Door Car,375.866091
562,MS59005,Nevada,M,Bachelor,5913.305899999999,43676.0,76.0,0.0,Personal Auto,Four-Door Car,364.8
563,SU71163,Arizona,M,College,2771.663,59855.0,74.0,4.0,Personal Auto,Two-Door Car,355.2
564,BD35676,Arizona,M,Master,29194.366400000003,35296.0,126.0,0.0,Personal Auto,SUV,452.616872
565,NI44621,Oregon,F,Master,9880.3858,36576.0,125.0,1.0,Personal Auto,SUV,113.450122
566,EW33419,California,F,High School or Below,15114.402399999999,28513.0,100.0,1.0,Corporate Auto,SUV,480.0
567,HX44948,Oregon,M,Bachelor,5759.9108,85448.0,72.0,0.0,Special Auto,Four-Door Car,16.03451
568,DL36983,Oregon,F,High School or Below,8495.164200000001,23791.0,110.0,3.0,Personal Auto,Two-Door Car,615.27228
569,XR87264,California,F,Bachelor,4381.1842,20597.0,112.0,0.0,Personal Auto,Four-Door Car,615.256301
570,NN99001,Arizona,F,College,6997.8274,56940.0,87.0,0.0,Personal Auto,Four-Door Car,512.66245
571,XV95530,Oregon,M,Bachelor,11430.588500000002,93210.0,71.0,0.0,Personal Auto,Two-Door Car,74.523935
572,OL97871,Oregon,F,Bachelor,7482.4861,48992.0,94.0,1.0,Personal Auto,Four-Door Car,426.072946
573,HQ23708,Arizona,F,Master,8596.9166,53736.0,71.0,0.0,Personal Auto,Two-Door Car,169.287785
574,WR63188,Arizona,M,College,7854.9608,25378.0,66.0,1.0,Personal Auto,Four-Door Car,419.464143
575,NG82219,Oregon,F,Bachelor,2582.4085,76731.0,64.0,0.0,Personal Auto,Four-Door Car,201.455005
576,KU29408,Washington,M,Master,9075.768199999999,37722.0,116.0,0.0,Corporate Auto,Luxury,158.077504
577,RE46783,California,F,Bachelor,4118.5886,69379.0,103.0,0.0,Personal Auto,Two-Door Car,494.4
578,RU94434,Oregon,M,High School or Below,12157.3299,57449.0,103.0,0.0,Personal Auto,Four-Door Car,494.4
579,GI82355,Arizona,M,Bachelor,5152.8196,0.0,68.0,0.0,Corporate Auto,Four-Door Car,326.4
580,VO26340,Nevada,M,College,6512.976500000001,0.0,93.0,0.0,Personal Auto,Two-Door Car,669.6
581,NV61299,Arizona,F,Bachelor,27789.692400000004,33806.0,89.0,0.0,Corporate Auto,Four-Door Car,395.729716
582,DX31066,Washington,F,College,2667.27,94041.0,66.0,0.0,Personal Auto,Four-Door Car,159.756733
583,CY50337,Oregon,F,College,10928.4071,74965.0,90.0,0.0,Personal Auto,Four-Door Car,58.557552
584,TJ20375,Arizona,F,High School or Below,7615.3813,34095.0,63.0,0.0,Personal Auto,Two-Door Car,302.4
585,EP72155,California,F,College,2004.3507,0.0,66.0,4.0,Personal Auto,Four-Door Car,316.8
586,JJ76159,California,M,College,2434.6812,96045.0,61.0,0.0,Corporate Auto,Four-Door Car,8.582971
587,BG15419,Nevada,F,Bachelor,14195.3603,86355.0,118.0,0.0,Personal Auto,Luxury,285.418473
588,AO74776,California,F,High School or Below,9427.6849,27824.0,118.0,0.0,Personal Auto,SUV,566.4
589,HQ82233,California,M,High School or Below,11982.420900000001,42995.0,101.0,0.0,Personal Auto,SUV,410.508316
590,OL72737,Oregon,F,High School or Below,3102.7895000000003,21235.0,79.0,0.0,Personal Auto,Two-Door Car,244.23135
591,ZQ59828,California,M,High School or Below,4222.6312,74585.0,106.0,0.0,Personal Auto,SUV,218.598065
592,NZ15548,Oregon,M,Bachelor,4023.8144,41833.0,103.0,0.0,Personal Auto,Four-Door Car,643.826716
593,XK61304,California,F,College,5297.151800000001,23908.0,70.0,0.0,Personal Auto,Four-Door Car,336.0
594,EJ44139,Oregon,M,Bachelor,21423.6372,0.0,65.0,0.0,Personal Auto,Two-Door Car,312.0
595,CM94425,Arizona,M,Bachelor,4416.2062,61953.0,113.0,0.0,Personal Auto,SUV,497.047297
596,OV54878,California,M,Bachelor,4639.0352,0.0,142.0,0.0,Corporate Auto,SUV,1022.4
597,JF57282,Nevada,M,Bachelor,4863.5446,0.0,137.0,0.0,Personal Auto,SUV,657.6
598,MY37953,Arizona,F,Bachelor,25830.9098,73760.0,107.0,1.0,Personal Auto,Luxury,230.245772
599,XP64922,Oregon,F,College,2974.3149,23333.0,74.0,0.0,Corporate Auto,Four-Door Car,5.622751
600,WL65572,California,M,College,2064.4588,0.0,61.0,0.0,Personal Auto,Four-Door Car,292.8
601,LN50325,Arizona,F,High School or Below,10064.6083,20440.0,128.0,2.0,Corporate Auto,Luxury,614.4
602,HJ15383,Washington,M,Master,8032.4019,27658.0,68.0,0.0,Personal Auto,Four-Door Car,160.07526
603,KH59823,California,M,College,5489.2141,50943.0,139.0,0.0,Special Auto,SUV,667.2
604,YM79169,California,M,Bachelor,2612.7567,19003.0,71.0,0.0,Personal Auto,Two-Door Car,34.651305
605,DR38127,California,M,College,8573.4639,46703.0,108.0,0.0,Personal Auto,Four-Door Car,678.100487
606,PU42145,California,M,Bachelor,24127.504,14072.0,71.0,0.0,Personal Auto,Four-Door Car,511.2
607,KM33477,Oregon,M,College,8550.3866,21733.0,73.0,0.0,Corporate Auto,Four-Door Car,525.6
608,RI53167,Arizona,M,Bachelor,2308.6479999999997,20811.0,61.0,0.0,Personal Auto,Four-Door Car,292.8
609,OF77789,Arizona,F,High School or Below,4254.6207,11904.0,61.0,2.0,Personal Auto,Two-Door Car,292.8
610,YB33445,Oregon,F,College,8982.850400000001,43490.0,114.0,4.0,Corporate Auto,SUV,174.588413
611,BA17836,California,M,High School or Below,7868.166,57340.0,67.0,0.0,Corporate Auto,Four-Door Car,159.391681
612,JS43228,California,M,College,7704.2487,49088.0,97.0,0.0,Corporate Auto,Four-Door Car,698.4
613,BB11622,Nevada,M,Master,10552.17,47761.0,131.0,0.0,Personal Auto,SUV,232.711071
614,HQ70429,Washington,F,College,16045.109499999999,0.0,65.0,0.0,Personal Auto,Two-Door Car,163.046956
615,WK88044,Arizona,M,Bachelor,8737.8375,61281.0,110.0,0.0,Personal Auto,SUV,79.865605
616,LA80525,Nevada,M,Bachelor,5454.8907,0.0,82.0,1.0,Corporate Auto,Two-Door Car,393.6
617,EH16250,Arizona,M,Bachelor,7705.283299999999,25290.0,66.0,0.0,Personal Auto,Four-Door Car,382.085897
618,PU41872,Arizona,F,High School or Below,7039.2624,24239.0,88.0,0.0,Personal Auto,Four-Door Car,48.348319
619,HB85743,California,M,Bachelor,8838.0856,82664.0,114.0,3.0,Personal Auto,SUV,133.425609
620,MM71959,Arizona,M,Bachelor,8733.5273,83210.0,110.0,0.0,Personal Auto,Luxury,528.0
621,MB83663,Oregon,F,Bachelor,9597.4748,38736.0,81.0,0.0,Personal Auto,Two-Door Car,561.414794
622,KR43119,California,M,College,4506.6602,0.0,66.0,0.0,Personal Auto,Four-Door Car,316.8
623,KH24214,Oregon,M,College,17857.9723,55437.0,64.0,1.0,Personal Auto,Four-Door Car,445.287788
624,AC40767,Washington,M,Bachelor,2497.8082,68041.0,6464.0,0.0,Personal Auto,Two-Door Car,165.570243
625,HP55391,Oregon,M,Master,5426.1362,0.0,71.0,0.0,Corporate Auto,Four-Door Car,407.99684
626,EG62398,California,F,High School or Below,7998.1438,29066.0,100.0,0.0,Personal Auto,SUV,844.229478
627,VS19949,Nevada,M,Bachelor,2897.6207,54337.0,72.0,0.0,Personal Auto,Four-Door Car,345.6
628,AM92343,Oregon,F,High School or Below,11599.502199999999,67616.0,96.0,0.0,Personal Auto,Four-Door Car,340.306584
629,GI68556,California,F,Bachelor,15147.9306,41082.0,63.0,0.0,Personal Auto,Two-Door Car,106.647493
630,JT11876,Washington,F,High School or Below,5435.7678000000005,0.0,10202.0,0.0,Personal Auto,Four-Door Car,626.116259
631,XR64251,Nevada,F,Master,2725.3564,36650.0,69.0,1.0,Personal Auto,Four-Door Car,56.60333
632,MK34957,Oregon,F,College,13297.7123,50631.0,112.0,4.0,Special Auto,SUV,784.65781
633,GP18756,California,M,College,9927.0497,19592.0,92.0,0.0,Personal Auto,Four-Door Car,441.6
634,AP23850,Washington,F,High School or Below,17771.549,0.0,114.0,0.0,Personal Auto,Two-Door Car,547.2
635,KQ65521,Arizona,F,College,18269.2702,55761.0,115.0,0.0,Personal Auto,Luxury,86.27772
636,EJ19449,California,F,College,2722.2107,17576.0,71.0,0.0,Special Auto,Four-Door Car,398.502948
637,QB70027,California,F,Bachelor,7083.2124,41449.0,89.0,0.0,Personal Auto,Four-Door Car,63.516572
638,QW47320,California,F,Bachelor,10179.716999999999,14290.0,271.0,0.0,Personal Auto,Luxury,1300.8
639,KH64733,Nevada,F,College,5889.5091,62007.0,73.0,0.0,Personal Auto,Four-Door Car,120.015609
640,ON59472,Arizona,M,High School or Below,15771.3934,21921.0,206.0,0.0,Corporate Auto,Luxury,1254.137899
641,HP94242,Arizona,F,Bachelor,5288.1732999999995,42621.0,66.0,0.0,Personal Auto,Four-Door Car,316.8
642,RV15398,Oregon,M,College,27580.554,0.0,87.0,1.0,Personal Auto,Four-Door Car,417.6
643,EA25683,Washington,M,High School or Below,7778.5323,63786.0,196.0,0.0,Corporate Auto,Luxury,798.002689
644,PW73754,California,F,High School or Below,7341.8613000000005,0.0,104.0,3.0,Personal Auto,Luxury,82.041684
645,MC71942,California,F,High School or Below,7919.196999999999,82877.0,99.0,1.0,Personal Auto,Two-Door Car,22.819088
646,OX72195,Arizona,M,College,2163.8702,0.0,63.0,0.0,Corporate Auto,Two-Door Car,302.4
647,YQ99152,Nevada,M,High School or Below,9787.8088,10475.0,88.0,1.0,Personal Auto,Two-Door Car,422.4
648,KI19439,Oregon,F,High School or Below,5207.6408,21952.0,66.0,0.0,Personal Auto,Four-Door Car,316.8
649,PM76175,Oregon,F,Bachelor,21147.2772,49721.0,132.0,0.0,Corporate Auto,Luxury,639.971388
650,US45383,California,M,College,12280.766599999999,88340.0,102.0,0.0,Personal Auto,Two-Door Car,489.6
651,GT38956,California,F,College,2441.3942,0.0,65.0,0.0,Personal Auto,Four-Door Car,312.0
652,SN41301,Oregon,M,Bachelor,6535.560600000001,0.0,65.0,0.0,Corporate Auto,Four-Door Car,468.0
653,BE62503,Washington,F,College,9206.5983,24589.0,82.0,0.0,Personal Auto,Two-Door Car,511.497882
654,PA16884,California,F,Bachelor,4118.5886,69379.0,103.0,0.0,Personal Auto,Two-Door Car,494.4
655,NC58480,Nevada,F,Bachelor,4838.209,73769.0,61.0,2.0,Personal Auto,Four-Door Car,239.540223
656,NS39326,California,F,College,4625.5481,66670.0,114.0,0.0,Personal Auto,SUV,518.180364
657,PN18507,Arizona,M,Bachelor,14042.103000000001,88854.0,118.0,0.0,Personal Auto,Two-Door Car,715.252366
658,EK91340,Oregon,M,Bachelor,7546.6134999999995,31266.0,193.0,0.0,Corporate Auto,Luxury,926.4
659,JY16280,California,F,High School or Below,2514.592,43860.0,65.0,0.0,Personal Auto,Four-Door Car,156.124914
660,ZW71731,California,M,Bachelor,5170.3584,89284.0,133.0,2.0,Corporate Auto,SUV,402.070719
661,ZC24631,Oregon,M,College,13917.377199999999,67267.0,89.0,0.0,Corporate Auto,Four-Door Car,94.814032
662,YR34689,California,F,High School or Below,11318.1308,79270.0,95.0,3.0,Personal Auto,Four-Door Car,456.0
663,RT65829,Oregon,M,Bachelor,4276.3636,36692.0,109.0,1.0,Personal Auto,Four-Door Car,523.2
664,BZ12077,Oregon,F,High School or Below,4322.2403,0.0,119.0,0.0,Personal Auto,SUV,571.2
665,WM65373,California,F,College,8002.3083,0.0,107.0,0.0,Corporate Auto,SUV,513.6
666,NH35059,Nevada,M,College,3885.4564,0.0,105.0,0.0,Corporate Auto,Four-Door Car,504.0
667,QD38160,Oregon,M,College,4471.7782,0.0,135.0,0.0,Personal Auto,SUV,972.0
668,BM15160,California,F,High School or Below,8496.3528,44624.0,71.0,1.0,Special Auto,Four-Door Car,73.883044
669,VY79030,Arizona,F,College,22500.8835,0.0,71.0,0.0,Corporate Auto,Four-Door Car,340.8
670,EV19512,Nevada,F,Master,16301.9676,19614.0,85.0,0.0,Personal Auto,Two-Door Car,574.024018
671,TE13577,Oregon,F,College,2319.7359,0.0,64.0,0.0,Personal Auto,Four-Door Car,632.715382
672,WY97929,Arizona,M,College,8717.0498,83846.0,74.0,3.0,Special Auto,Four-Door Car,355.2
673,YG20683,Washington,M,College,2860.1117,51159.0,72.0,0.0,Personal Auto,Four-Door Car,4.238626
674,FK75497,California,M,College,2453.4083,83772.0,62.0,0.0,Personal Auto,Two-Door Car,42.248087
675,NE60110,Arizona,M,College,5989.7739,66839.0,154.0,0.0,Personal Auto,Luxury,739.2
676,TN36521,Arizona,F,College,24980.225499999997,88440.0,70.0,0.0,Personal Auto,Two-Door Car,27.145151
677,HG33568,Arizona,F,Master,7482.639499999999,25666.0,63.0,2.0,Personal Auto,Four-Door Car,270.002766
678,TW17878,Oregon,F,High School or Below,2457.576,52926.0,61.0,0.0,Personal Auto,Four-Door Car,292.8
679,ZO83562,Nevada,F,Bachelor,2379.7412,0.0,67.0,0.0,Personal Auto,Four-Door Car,494.946438
680,CH97539,Washington,F,Bachelor,8286.964399999999,40001.0,70.0,0.0,Personal Auto,Four-Door Car,142.567008
681,CV29889,California,M,College,2393.9154,0.0,70.0,0.0,Personal Auto,Four-Door Car,425.266308
682,MO33320,Oregon,M,College,4657.1595,18024.0,65.0,0.0,Personal Auto,Two-Door Car,312.0
683,QZ81258,Oregon,F,College,13197.928899999999,0.0,68.0,3.0,Personal Auto,Four-Door Car,326.4
684,NY56352,Oregon,F,Bachelor,2803.9166999999998,23220.0,74.0,0.0,Personal Auto,Four-Door Car,251.334247
685,EA27048,California,F,High School or Below,8646.5041,64125.0,108.0,0.0,Personal Auto,SUV,369.818708
686,UT38865,Oregon,F,College,7425.8706,58042.0,62.0,0.0,Corporate Auto,Four-Door Car,161.419528
687,QC89139,Oregon,F,High School or Below,4528.7374,90034.0,112.0,0.0,Corporate Auto,SUV,537.6
688,LA14484,Nevada,M,High School or Below,2227.0728,27972.0,61.0,0.0,Special Auto,Four-Door Car,292.8
689,HN57556,California,F,High School or Below,7292.9488,0.0,65.0,0.0,Personal Auto,Four-Door Car,312.0
690,CV31235,Arizona,M,Bachelor,3184.3552,50989.0,80.0,0.0,Corporate Auto,Four-Door Car,255.999709
691,WR45726,Arizona,F,Bachelor,11315.203700000002,11885.0,101.0,0.0,Special Auto,Four-Door Car,484.8
692,LB25094,California,F,Bachelor,2530.7051,89451.0,63.0,0.0,Special Auto,Four-Door Car,61.769564
693,KW56110,Oregon,M,Bachelor,18361.5553,0.0,182.0,0.0,Personal Auto,Luxury,1310.4
694,XO36233,Washington,M,Bachelor,8641.53,78904.0,109.0,0.0,Personal Auto,SUV,250.001424
695,ZX86243,Arizona,M,Doctor,3278.5319,70247.0,83.0,1.0,Personal Auto,Four-Door Car,141.799422
696,DW29763,Arizona,M,High School or Below,5271.982099999999,32653.0,67.0,0.0,Personal Auto,Two-Door Car,321.6
697,CT83377,Washington,M,High School or Below,3763.6377,93595.0,97.0,4.0,Special Auto,Four-Door Car,49.797016
698,OQ90898,California,M,Master,13955.569599999999,90279.0,115.0,0.0,Personal Auto,SUV,372.175592
699,GO77248,Oregon,F,College,5001.5275,0.0,72.0,0.0,Personal Auto,Four-Door Car,542.14385
700,QW33258,California,M,Bachelor,7082.830400000001,53310.0,189.0,3.0,Personal Auto,Luxury,1360.8
701,OU79745,California,M,College,7619.482800000001,0.0,105.0,0.0,Personal Auto,Four-Door Car,504.0
702,VZ79886,Oregon,F,Bachelor,12550.882,22234.0,160.0,0.0,Personal Auto,SUV,768.0
703,FI92440,Washington,F,High School or Below,32196.6004,91375.0,99.0,0.0,Personal Auto,Two-Door Car,72.632934
704,YG85980,Nevada,F,High School or Below,6793.7741000000005,22250.0,86.0,0.0,Personal Auto,Two-Door Car,720.601429
705,QM74621,Oregon,M,Bachelor,5272.3197,0.0,80.0,0.0,Personal Auto,Four-Door Car,576.0
706,EI71732,Oregon,F,Doctor,6265.3432999999995,0.0,84.0,1.0,Personal Auto,Four-Door Car,481.025786
707,VN79010,California,F,High School or Below,8547.5861,51179.0,71.0,0.0,Corporate Auto,Four-Door Car,466.176731
708,FI61723,California,M,Bachelor,2787.4237,38667.0,72.0,0.0,Personal Auto,Four-Door Car,159.266473
709,OH55411,California,F,Master,4626.8011,79487.0,114.0,0.0,Corporate Auto,SUV,547.2
710,TF10720,Nevada,F,Doctor,8663.364,67763.0,107.0,2.0,Personal Auto,Four-Door Car,41.283167
711,NW30838,Nevada,M,High School or Below,3872.2221999999997,0.0,62.0,2.0,Corporate Auto,Four-Door Car,503.808329
712,CB58476,Oregon,F,College,5170.8115,0.0,71.0,0.0,Corporate Auto,Four-Door Car,859.599411
713,WI69346,California,F,Master,8960.280200000001,71943.0,112.0,0.0,Corporate Auto,SUV,305.653785
714,FS76657,Oregon,F,College,5471.8343,53526.0,68.0,0.0,Personal Auto,Four-Door Car,278.902846
715,YX89016,Oregon,M,College,34931.0017,35005.0,295.0,0.0,Personal Auto,Luxury,1416.0
716,PK28821,California,M,College,2620.3923,24721.0,67.0,0.0,Personal Auto,Four-Door Car,139.963594
717,MB51200,Washington,M,College,19069.499499999998,0.0,102.0,2.0,Personal Auto,Four-Door Car,734.4
718,XG44587,Arizona,M,Master,5757.4423,88997.0,72.0,0.0,Personal Auto,Four-Door Car,174.041566
719,FG91922,Arizona,M,Master,40224.0136,48587.0,111.0,0.0,Personal Auto,SUV,532.8
720,OM99303,Arizona,F,High School or Below,2701.4883,76310.0,67.0,0.0,Personal Auto,Two-Door Car,321.6
721,RV67546,California,M,Bachelor,3712.4305,73205.0,92.0,0.0,Personal Auto,Four-Door Car,37.299865
722,UJ79253,Oregon,F,College,21850.84,51056.0,78.0,0.0,Personal Auto,Four-Door Car,95.816516
723,PN98247,California,M,College,7840.1658,58414.0,210.0,2.0,Personal Auto,Luxury,1008.0
724,IB67546,California,F,Bachelor,8237.037900000001,23940.0,107.0,0.0,Personal Auto,SUV,513.6
725,OE19087,California,F,High School or Below,2243.4739,0.0,62.0,0.0,Personal Auto,Four-Door Car,446.4
726,CM95716,California,M,Bachelor,8434.464100000001,44216.0,71.0,0.0,Personal Auto,Four-Door Car,72.205362
727,MW62634,California,M,High School or Below,2227.0728,27972.0,61.0,0.0,Corporate Auto,Four-Door Car,292.8
728,QW67581,Arizona,F,High School or Below,5170.026,0.0,69.0,0.0,Personal Auto,Four-Door Car,331.2
729,SN16059,California,F,Master,2641.4460999999997,29305.0,66.0,0.0,Personal Auto,Four-Door Car,475.2
730,OE51254,California,F,College,2790.683,53882.0,69.0,0.0,Personal Auto,Four-Door Car,331.2
731,RM42344,Oregon,M,College,2745.1297999999997,91757.0,69.0,1.0,Personal Auto,Four-Door Car,331.2
732,GB35238,California,F,Bachelor,7579.5327,33906.0,64.0,0.0,Personal Auto,Two-Door Car,401.592109
733,ML82674,Oregon,M,Bachelor,10978.7803,68158.0,139.0,1.0,Personal Auto,SUV,253.183568
734,EI85244,California,M,College,8255.0601,0.0,134.0,3.0,Personal Auto,SUV,643.2
735,DE28132,Oregon,M,College,4747.7346,42165.0,123.0,0.0,Corporate Auto,SUV,799.673766
736,TV25678,Washington,M,College,3540.9043,0.0,101.0,0.0,Personal Auto,SUV,727.2
737,TY26512,California,M,Doctor,3436.1342999999997,30817.0,88.0,0.0,Personal Auto,Four-Door Car,91.834668
738,OB69153,California,M,Bachelor,2582.1853,68074.0,65.0,0.0,Personal Auto,Four-Door Car,27.987867
739,QZ77637,Washington,F,College,11665.0978,84978.0,35353.0,1.0,Corporate Auto,Four-Door Car,166.77296
740,XN41715,California,F,Master,7396.2837,71135.0,92.0,1.0,Personal Auto,Four-Door Car,270.563995
741,QR15857,California,F,College,4330.7998,0.0,61.0,0.0,Personal Auto,Two-Door Car,292.8
742,FL69363,Oregon,M,Master,9075.768199999999,37722.0,116.0,0.0,Personal Auto,Luxury,158.077504
743,IS30295,Arizona,F,Bachelor,14635.451599999999,0.0,139.0,0.0,Personal Auto,SUV,667.2
744,WA25797,Washington,M,High School or Below,8564.768199999999,95697.0,107.0,0.0,Personal Auto,Luxury,178.006524
745,NL59519,California,F,College,11565.6875,64642.0,96.0,0.0,Personal Auto,Four-Door Car,404.265696
746,ZU93025,Oregon,F,College,2771.045,50071.0,71.0,0.0,Personal Auto,Two-Door Car,18.918935
747,DK94262,Oregon,M,High School or Below,8507.1288,46754.0,106.0,1.0,Personal Auto,SUV,513.818403
748,UQ30615,California,M,College,7582.1138,64801.0,64.0,0.0,Corporate Auto,Four-Door Car,268.471802
749,OR40060,Arizona,M,Bachelor,3323.0925,70410.0,83.0,0.0,Personal Auto,Four-Door Car,131.828507
750,DK32872,Nevada,F,High School or Below,5234.3317,66957.0,131.0,1.0,Personal Auto,SUV,628.8
751,FA46418,Nevada,F,High School or Below,24709.5996,24213.0,78.0,1.0,Personal Auto,Four-Door Car,374.4
752,ER19995,Washington,F,College,17786.2778,99790.0,6464.0,0.0,Personal Auto,Four-Door Car,178.986788
753,KI75855,Oregon,M,Master,2551.2267,79751.0,63.0,0.0,Personal Auto,Two-Door Car,392.235698
754,ND41876,Arizona,M,High School or Below,7247.7137,86122.0,182.0,1.0,Personal Auto,Luxury,873.6
755,PN21042,Arizona,M,Bachelor,4538.8478000000005,82297.0,116.0,0.0,Personal Auto,Luxury,0.382107
756,GJ43254,Washington,M,College,31642.1046,89057.0,98.0,0.0,Corporate Auto,Two-Door Car,187.363583
757,AL46984,California,M,High School or Below,8730.421999999999,43259.0,73.0,0.0,Personal Auto,Four-Door Car,350.4
758,JP58047,Oregon,M,College,8332.7306,0.0,79.0,0.0,Personal Auto,Four-Door Car,379.2
759,ZE85014,California,M,College,2357.7470000000003,25064.0,62.0,0.0,Personal Auto,Four-Door Car,297.6
760,KU88219,Arizona,M,Master,4637.164000000001,25816.0,119.0,0.0,Personal Auto,Luxury,571.2
761,UU98729,California,M,Bachelor,5357.1927000000005,0.0,73.0,0.0,Personal Auto,Four-Door Car,350.853987
762,WS82822,Oregon,F,College,5391.971,41662.0,69.0,0.0,Corporate Auto,Four-Door Car,217.973168
763,YB49933,Arizona,M,Bachelor,3694.1405,96170.0,92.0,0.0,Personal Auto,Four-Door Car,441.6
764,XC16387,Arizona,F,High School or Below,5040.4124,46072.0,64.0,0.0,Personal Auto,Four-Door Car,25.934064
765,XJ96748,Arizona,F,High School or Below,27495.4219,37931.0,99.0,0.0,Personal Auto,Four-Door Car,475.2
766,TM98684,Oregon,M,High School or Below,4842.285,35127.0,62.0,0.0,Personal Auto,Four-Door Car,297.6
767,AY18433,Washington,F,High School or Below,27382.818900000002,45473.0,76.0,0.0,Special Auto,Two-Door Car,188.938397
768,DM74502,Nevada,F,College,5227.1019,93087.0,131.0,3.0,Corporate Auto,Luxury,628.8
769,FT56968,Arizona,M,High School or Below,2590.096,22398.0,67.0,2.0,Personal Auto,Four-Door Car,321.6
770,OX36896,California,M,High School or Below,10536.078000000001,92983.0,87.0,1.0,Corporate Auto,Four-Door Car,153.205591
771,BZ65376,Arizona,M,Bachelor,8581.2787,27689.0,239.0,2.0,Personal Auto,Luxury,2893.239678
772,LN34660,California,F,College,9463.113299999999,69654.0,118.0,0.0,Corporate Auto,SUV,629.532731
773,JC29295,California,F,Bachelor,13441.006399999998,80744.0,111.0,0.0,Personal Auto,SUV,361.284757
774,KJ87930,California,F,Bachelor,3886.5047999999997,0.0,112.0,0.0,Corporate Auto,SUV,1185.988301
775,XT36360,Arizona,F,High School or Below,6784.8937,0.0,64.0,1.0,Personal Auto,Four-Door Car,460.8
776,IX35050,Arizona,M,Bachelor,23594.6802,76358.0,66.0,0.0,Special Auto,Four-Door Car,86.461582
777,UN97379,Oregon,M,Bachelor,2538.6263,18608.0,71.0,0.0,Corporate Auto,Four-Door Car,340.8
778,MR57294,California,M,High School or Below,5639.941999999999,73168.0,70.0,0.0,Personal Auto,Four-Door Car,425.800112
779,UG79499,Washington,M,Bachelor,11681.3743,70930.0,99.0,0.0,Personal Auto,Four-Door Car,190.43446
780,UA50747,Washington,F,High School or Below,25997.75,62262.0,72.0,0.0,Corporate Auto,Four-Door Car,193.505325
781,GL20444,Nevada,F,Master,13778.369299999998,91474.0,113.0,0.0,Corporate Auto,Two-Door Car,24.087774
782,SP58110,California,F,Bachelor,4923.1817,61469.0,63.0,5.0,Personal Auto,Four-Door Car,302.4
783,XM91635,Arizona,F,High School or Below,2272.3354,16618.0,62.0,0.0,Special Auto,Four-Door Car,219.288706
784,TV82603,California,F,Bachelor,14895.398000000001,48081.0,188.0,0.0,Personal Auto,Luxury,881.360959
785,BB82067,Oregon,M,Doctor,9756.045,67632.0,121.0,0.0,Personal Auto,Luxury,26.951627
786,JP94676,Oregon,F,Bachelor,9422.9741,34115.0,119.0,0.0,Personal Auto,SUV,466.122541
787,VU53417,Arizona,M,High School or Below,3837.3576000000003,23051.0,99.0,0.0,Personal Auto,Two-Door Car,475.2
788,IW54795,California,M,College,10952.1319,23748.0,99.0,0.0,Personal Auto,Four-Door Car,607.095655
789,RN78170,Arizona,F,College,8159.136600000001,40589.0,69.0,0.0,Corporate Auto,Four-Door Car,331.2
790,IX55883,California,F,College,19480.4998,50809.0,83.0,0.0,Personal Auto,Four-Door Car,290.381707
791,XM72420,Arizona,F,High School or Below,3919.3667,66676.0,97.0,0.0,Personal Auto,Four-Door Car,558.099357
792,GC15104,Nevada,F,Bachelor,7985.1421,52339.0,70.0,3.0,Corporate Auto,Four-Door Car,336.0
793,RX13282,Oregon,M,Bachelor,12168.7449,14973.0,115.0,0.0,Personal Auto,SUV,828.0
794,QA85890,Arizona,F,High School or Below,5849.3215,0.0,83.0,0.0,Corporate Auto,Four-Door Car,540.514115
795,IR62668,Arizona,F,Bachelor,5085.8366,31546.0,65.0,0.0,Personal Auto,Four-Door Car,100.049832
796,AL96740,California,F,College,2903.9397999999997,67763.0,73.0,1.0,Personal Auto,Four-Door Car,59.861963
797,SS48498,Washington,F,College,6273.1734,20836.0,79.0,0.0,Corporate Auto,Four-Door Car,193.57032
798,PE39479,Washington,M,College,18321.418999999998,88592.0,76.0,0.0,Corporate Auto,Four-Door Car,199.79727
799,JH62891,Oregon,F,College,5178.7042,66943.0,65.0,1.0,Special Auto,Four-Door Car,53.084753
800,FI20423,Arizona,F,High School or Below,14024.358400000001,81872.0,115.0,0.0,Special Auto,Four-Door Car,256.43803
801,PM13394,Washington,F,College,5309.4358999999995,22404.0,70.0,1.0,Personal Auto,Four-Door Car,211.136067
802,YV67971,California,F,High School or Below,4949.8038,21342.0,62.0,0.0,Personal Auto,Four-Door Car,74.350893
803,QD31377,California,M,Bachelor,8595.6653,34621.0,108.0,1.0,Corporate Auto,SUV,621.464468
804,YG10247,Oregon,M,College,22951.892000000003,62396.0,64.0,0.0,Personal Auto,Four-Door Car,307.2
805,FE73696,Oregon,M,High School or Below,3792.1303000000003,97212.0,93.0,0.0,Personal Auto,Two-Door Car,360.05589
806,SW19699,Arizona,F,Bachelor,2755.748,49648.0,70.0,0.0,Personal Auto,Four-Door Car,65.954813
807,QJ40732,Arizona,M,College,4880.3396,97984.0,61.0,1.0,Personal Auto,Four-Door Car,407.450118
808,HM76207,California,F,College,9051.9053,26308.0,114.0,0.0,Corporate Auto,SUV,547.2
809,NT59303,Oregon,F,College,10115.4462,63528.0,256.0,0.0,Personal Auto,Luxury,1228.8
810,PU41393,Nevada,M,College,8269.0754,20225.0,114.0,1.0,Special Auto,SUV,547.2
811,QO86948,Nevada,M,High School or Below,8071.653,0.0,112.0,0.0,Personal Auto,SUV,806.4
812,QN10888,Oregon,F,High School or Below,7726.9936,87620.0,64.0,0.0,Personal Auto,Four-Door Car,24.063693
813,VY19543,California,F,Bachelor,8311.1359,0.0,72.0,0.0,Corporate Auto,Four-Door Car,311.329282
814,XC15133,Nevada,F,Master,2574.0204,34990.0,65.0,0.0,Personal Auto,Four-Door Car,42.689135
815,ST43550,Oregon,M,Bachelor,5727.3270999999995,99934.0,71.0,0.0,Special Auto,Four-Door Car,460.323855
816,FX36546,Washington,M,Master,3679.1421,60804.0,92.0,0.0,Personal Auto,Four-Door Car,213.225001
817,JX68983,Oregon,M,Bachelor,2744.5196,94648.0,69.0,0.0,Personal Auto,Four-Door Car,331.2
818,HX78576,California,F,High School or Below,5636.7403,24516.0,71.0,0.0,Personal Auto,Four-Door Car,300.607591
819,ZQ11381,Arizona,M,Bachelor,16870.3882,61063.0,85.0,0.0,Personal Auto,Four-Door Car,262.504882
820,ON39271,California,M,Master,2738.002,0.0,74.0,0.0,Personal Auto,Two-Door Car,263.365432
821,SB18278,Oregon,M,Bachelor,4644.7005,0.0,64.0,0.0,Corporate Auto,Four-Door Car,307.2
822,ZT30559,California,F,High School or Below,4746.6865,15169.0,63.0,0.0,Personal Auto,Four-Door Car,302.4
823,XI41106,Arizona,M,College,16874.3282,55390.0,71.0,0.0,Corporate Auto,Two-Door Car,256.268091
824,ZS88847,Oregon,F,Bachelor,2387.6061,27592.0,62.0,0.0,Personal Auto,Four-Door Car,297.6
825,RU49126,Washington,F,College,4465.3357,61846.0,112.0,0.0,Personal Auto,SUV,215.8182
826,KR62797,Arizona,F,High School or Below,4591.6259,83297.0,113.0,0.0,Personal Auto,SUV,542.4
827,ZJ73220,Arizona,F,College,13092.5858,0.0,188.0,0.0,Special Auto,Luxury,1353.6
828,FY62633,Oregon,M,Bachelor,9112.2666,0.0,90.0,0.0,Personal Auto,Four-Door Car,432.0
829,CU36986,California,F,High School or Below,4165.1666,55897.0,104.0,0.0,Personal Auto,Four-Door Car,499.2
830,WZ53904,Arizona,M,Bachelor,2659.9806,21297.0,71.0,0.0,Personal Auto,Four-Door Car,45.507952
831,AA71604,Arizona,F,Master,11986.5921,87560.0,98.0,1.0,Personal Auto,Two-Door Car,470.4
832,TD10493,Oregon,F,High School or Below,2898.7327,0.0,96.0,4.0,Personal Auto,Four-Door Car,691.2
833,LY97989,Oregon,F,Bachelor,2894.2439,0.0,85.0,0.0,Personal Auto,Four-Door Car,408.0
834,VX39856,Arizona,F,Doctor,3500.4544,89398.0,86.0,0.0,Personal Auto,Four-Door Car,82.409922
835,TP51897,California,F,College,2621.8086,36843.0,68.0,3.0,Corporate Auto,Four-Door Car,357.642982
836,QQ89253,Oregon,F,College,10221.805,0.0,134.0,0.0,Personal Auto,SUV,643.2
837,EI91403,California,M,High School or Below,2578.271,34946.0,65.0,0.0,Personal Auto,Two-Door Car,420.35698
838,QG15435,Arizona,F,College,6242.5957,75680.0,78.0,0.0,Personal Auto,Four-Door Car,136.787725
839,FZ55002,Nevada,F,Doctor,5220.281,0.0,69.0,0.0,Personal Auto,Four-Door Car,331.2
840,HX77930,Washington,F,College,3136.4321,49532.0,79.0,1.0,Personal Auto,Four-Door Car,220.186677
841,UN37063,Arizona,M,Bachelor,4525.3658000000005,10269.0,65.0,0.0,Personal Auto,Two-Door Car,170.798204
842,VB87946,California,M,College,4970.3573,49714.0,63.0,3.0,Personal Auto,Four-Door Car,266.165535
843,AB60627,California,M,High School or Below,15467.788999999999,77517.0,129.0,0.0,Corporate Auto,SUV,98.921782
844,TA34903,Oregon,M,High School or Below,5838.899200000001,81082.0,73.0,0.0,Personal Auto,Four-Door Car,281.295903
845,AQ51368,Oregon,F,Bachelor,10656.882,72540.0,88.0,0.0,Corporate Auto,Two-Door Car,631.743039
846,NZ26102,Oregon,F,High School or Below,2289.6187,0.0,65.0,0.0,Personal Auto,Four-Door Car,468.0
847,GB45753,California,M,High School or Below,5439.8042000000005,61546.0,68.0,0.0,Corporate Auto,Two-Door Car,29.209521
848,BV79904,California,F,Master,7956.1501,44818.0,67.0,1.0,Personal Auto,Two-Door Car,136.883999
849,OB49075,Arizona,M,Bachelor,4458.1134,17622.0,65.0,1.0,Personal Auto,Four-Door Car,312.0
850,DS97676,Oregon,F,College,2555.0515,0.0,72.0,0.0,Personal Auto,Four-Door Car,518.4
851,JO63462,California,M,Bachelor,3307.9990000000003,79797.0,84.0,0.0,Corporate Auto,Two-Door Car,31.755601
852,NJ10602,Washington,F,College,8459.0532,92717.0,70.0,0.0,Personal Auto,Two-Door Car,224.27582
853,RS24501,Oregon,F,College,13350.120900000002,28919.0,173.0,0.0,Personal Auto,SUV,830.4
854,VT78274,Arizona,M,College,4931.2213,0.0,68.0,0.0,Personal Auto,Four-Door Car,480.159011
855,SU56153,Nevada,M,Bachelor,7776.8352,63568.0,65.0,0.0,Corporate Auto,Two-Door Car,390.792553
856,MN20737,Nevada,F,College,2553.6722,73935.0,64.0,1.0,Corporate Auto,Four-Door Car,72.071195
857,KL43114,Arizona,F,High School or Below,4876.4697,0.0,66.0,0.0,Corporate Auto,Two-Door Car,316.8
858,YQ15567,Oregon,F,Bachelor,9034.3058,18846.0,115.0,0.0,Personal Auto,SUV,552.0
859,TR88637,Arizona,F,High School or Below,8105.9108,38893.0,103.0,0.0,Personal Auto,SUV,41.965252
860,TC88986,Oregon,M,High School or Below,5619.6891000000005,0.0,153.0,0.0,Special Auto,SUV,1027.000029
861,XX88577,California,M,Bachelor,15727.1306,84824.0,196.0,0.0,Corporate Auto,SUV,319.820747
862,NE49052,California,F,High School or Below,6618.0164,20068.0,86.0,0.0,Corporate Auto,Four-Door Car,411.011162
863,KX17826,Oregon,M,Doctor,4670.048,0.0,125.0,0.0,Corporate Auto,SUV,600.0
864,CC91503,Arizona,F,High School or Below,10169.3698,0.0,135.0,0.0,Personal Auto,Luxury,648.0
865,WH32183,California,M,Bachelor,8323.074,97245.0,70.0,0.0,Personal Auto,Four-Door Car,4.110585
866,ES90681,California,F,College,2417.76,51808.0,61.0,1.0,Personal Auto,Four-Door Car,351.149904
867,DW96592,California,M,Bachelor,8044.8724,71391.0,67.0,0.0,Personal Auto,Four-Door Car,284.000172
868,MT23134,Oregon,M,High School or Below,5325.724499999999,0.0,73.0,0.0,Personal Auto,Two-Door Car,496.474767
869,BM69081,Arizona,M,Bachelor,6947.524,0.0,100.0,0.0,Personal Auto,SUV,925.137143
870,MB90871,Oregon,F,College,5847.4152,23496.0,77.0,0.0,Special Auto,Four-Door Car,13.164097
871,GT62080,Washington,M,High School or Below,5885.7453000000005,55561.0,63.0,0.0,Personal Auto,Four-Door Car,227.872071
872,QL77686,Nevada,F,College,4724.7861,23986.0,119.0,0.0,Corporate Auto,SUV,463.335061
873,ON77827,Arizona,F,Master,2790.228,22974.0,71.0,0.0,Personal Auto,Four-Door Car,180.667969
874,KP18988,Oregon,F,High School or Below,21531.332799999996,0.0,101.0,0.0,Personal Auto,Four-Door Car,484.8
875,TI92884,Arizona,M,Bachelor,12622.8327,61844.0,106.0,0.0,Personal Auto,Luxury,508.8
876,JH73503,Arizona,M,Doctor,20171.961499999998,24804.0,73.0,0.0,Personal Auto,Two-Door Car,350.4
877,YE97964,California,F,Bachelor,16464.3659,27760.0,104.0,0.0,Personal Auto,SUV,302.764283
878,VA30351,Oregon,F,High School or Below,5595.3899,74454.0,71.0,0.0,Personal Auto,Four-Door Car,340.8
879,PV55726,Oregon,F,Master,4170.6873,29462.0,107.0,1.0,Personal Auto,SUV,513.6
880,UC88305,Arizona,F,College,2665.4471000000003,52266.0,68.0,0.0,Corporate Auto,Two-Door Car,141.922839
881,TS53809,Oregon,M,Bachelor,7098.9141,0.0,70.0,0.0,Personal Auto,Two-Door Car,349.783046
882,ZV32120,California,M,Doctor,3971.3451,23599.0,103.0,0.0,Corporate Auto,SUV,494.4
883,FB80807,Oregon,M,Bachelor,5528.2128,36088.0,72.0,0.0,Personal Auto,Four-Door Car,345.6
884,AS55677,California,F,High School or Below,8338.995799999999,70534.0,104.0,0.0,Personal Auto,Four-Door Car,54.065538
885,WA15684,Oregon,M,College,38445.855899999995,27398.0,125.0,1.0,Personal Auto,SUV,600.0
886,SA50567,Nevada,M,Bachelor,5448.5552,85296.0,68.0,0.0,Personal Auto,Four-Door Car,342.515136
887,KJ31611,Arizona,M,High School or Below,10808.066,31063.0,92.0,0.0,Personal Auto,Four-Door Car,441.6
888,VL37375,California,M,Bachelor,6185.096500000001,0.0,92.0,0.0,Personal Auto,Two-Door Car,1027.177255
889,KN21017,Nevada,M,High School or Below,3208.2259000000004,52367.0,81.0,0.0,Personal Auto,Four-Door Car,275.989978
890,PX44289,Arizona,M,College,5480.1041000000005,58651.0,71.0,0.0,Personal Auto,Four-Door Car,472.599683
891,AM97901,Nevada,F,College,22986.1539,84831.0,192.0,0.0,Special Auto,Luxury,1336.931716
892,RE42925,Oregon,M,Bachelor,13107.9259,49088.0,114.0,1.0,Corporate Auto,SUV,547.2
893,TR81766,California,F,College,7462.9263,70263.0,93.0,0.0,Corporate Auto,Two-Door Car,7.345946
894,CH85057,Oregon,F,Doctor,11463.991000000002,45354.0,285.0,0.0,Personal Auto,Luxury,540.141566
895,UP71482,Arizona,M,High School or Below,7236.1325,0.0,63.0,0.0,Personal Auto,Four-Door Car,383.363758
896,EG40670,California,F,Bachelor,6232.687900000001,28334.0,83.0,0.0,Special Auto,Four-Door Car,537.765151
897,HV83672,Oregon,F,Bachelor,28393.3299,38772.0,90.0,0.0,Personal Auto,Four-Door Car,321.873474
898,MG10140,Oregon,F,College,3746.7515999999996,41479.0,94.0,1.0,Personal Auto,Two-Door Car,19.575683
899,TC44716,California,M,Bachelor,21569.3373,23909.0,119.0,0.0,Personal Auto,SUV,571.2
900,QO65264,California,M,College,5012.0837,48328.0,63.0,0.0,Personal Auto,Two-Door Car,108.138715
901,EB66698,California,M,High School or Below,3371.8584,86689.0,85.0,0.0,Corporate Auto,Two-Door Car,408.0
902,OT52034,California,M,Bachelor,3864.7768,24204.0,99.0,1.0,Personal Auto,Four-Door Car,707.303416
903,CH85444,Oregon,M,College,4145.7119,25943.0,110.0,0.0,Corporate Auto,Two-Door Car,1067.333126
904,PU85769,California,M,High School or Below,5156.072700000001,0.0,73.0,0.0,Personal Auto,Four-Door Car,807.947292
905,UI73201,California,M,College,3667.375,62375.0,92.0,0.0,Personal Auto,Two-Door Car,618.630955
906,SL50592,California,F,High School or Below,7835.6835,0.0,71.0,0.0,Corporate Auto,Four-Door Car,404.272806
907,XP11075,Arizona,M,Bachelor,14567.2684,0.0,148.0,0.0,Personal Auto,SUV,710.4
908,SI31236,Oregon,M,Bachelor,10171.339,70200.0,65.0,0.0,Corporate Auto,Four-Door Car,312.0
909,JN26745,Nevada,F,Bachelor,4135.7752,0.0,112.0,0.0,Special Auto,Four-Door Car,707.977614
910,VK48036,Oregon,F,College,5511.4911,79027.0,70.0,0.0,Corporate Auto,Four-Door Car,336.0
911,JX76668,Washington,F,High School or Below,11314.2439,62935.0,141.0,0.0,Personal Auto,Luxury,232.242326
912,DS45802,California,F,High School or Below,5414.6173,26893.0,68.0,0.0,Personal Auto,Four-Door Car,68.226001
913,OA96690,Oregon,F,High School or Below,7421.5935,47406.0,94.0,1.0,Personal Auto,Four-Door Car,287.149807
914,EM27919,California,M,Bachelor,4458.1134,17622.0,65.0,1.0,Personal Auto,Four-Door Car,312.0
915,QO41043,Oregon,F,College,14476.1249,27572.0,124.0,0.0,Corporate Auto,SUV,595.2
916,OV50124,Oregon,F,College,4936.8884,0.0,72.0,2.0,Personal Auto,Two-Door Car,391.636628
917,PR31642,Oregon,F,Bachelor,4525.2765,32802.0,114.0,0.0,Personal Auto,SUV,547.2
918,BU41599,Washington,F,Master,5581.7613,62739.0,70.0,0.0,Personal Auto,Two-Door Car,239.328571
919,TK30357,California,F,Bachelor,14134.3474,90844.0,118.0,0.0,Personal Auto,SUV,232.674417
920,NF31087,Nevada,F,High School or Below,24723.183100000002,44685.0,69.0,0.0,Personal Auto,Four-Door Car,331.2
921,NH16984,California,F,Bachelor,2838.0678000000003,0.0,80.0,0.0,Personal Auto,Four-Door Car,336.50961
922,OS75493,California,F,High School or Below,3848.4836,42589.0,98.0,0.0,Corporate Auto,Four-Door Car,470.4
923,VT63298,Oregon,M,Bachelor,19504.473899999997,0.0,72.0,0.0,Personal Auto,Four-Door Car,345.6
924,QS75550,Washington,F,Bachelor,2480.0459,93383.0,62.0,0.0,Corporate Auto,Two-Door Car,244.212286
925,SZ16483,Arizona,F,High School or Below,4361.372899999999,79583.0,109.0,2.0,Personal Auto,Four-Door Car,523.2
926,VM92311,Arizona,F,High School or Below,2529.0775,89129.0,64.0,0.0,Personal Auto,Four-Door Car,328.870868
927,NJ46849,Arizona,M,College,2504.4448,0.0,69.0,0.0,Personal Auto,Four-Door Car,496.8
928,WZ31900,Oregon,F,Bachelor,8649.7006,94389.0,107.0,0.0,Corporate Auto,SUV,85.063708
929,RG30482,Oregon,F,College,13668.355300000001,0.0,197.0,0.0,Personal Auto,SUV,1418.4
930,ZM86949,Oregon,F,High School or Below,20635.0846,84106.0,64.0,0.0,Personal Auto,Two-Door Car,334.408717
931,QQ39596,Arizona,F,College,2517.5335999999998,0.0,69.0,0.0,Personal Auto,Four-Door Car,42.096415
932,FH51383,California,F,High School or Below,5326.6777,76717.0,66.0,0.0,Personal Auto,Two-Door Car,300.528579
933,BJ53923,Arizona,M,High School or Below,2600.2721,51978.0,66.0,0.0,Corporate Auto,Four-Door Car,144.782152
934,CZ96653,Oregon,F,Bachelor,8534.792800000001,47325.0,107.0,0.0,Personal Auto,SUV,64.598216
935,FB23788,Oregon,M,High School or Below,8828.835,86721.0,111.0,0.0,Corporate Auto,SUV,532.8
936,NT43594,Nevada,F,Bachelor,2248.4496,24910.0,63.0,1.0,Personal Auto,Four-Door Car,347.857619
937,RJ85627,Washington,F,Bachelor,12302.7624,43817.0,62.0,1.0,Personal Auto,Four-Door Car,245.447622
938,KJ86296,Oregon,M,High School or Below,4556.593,0.0,73.0,2.0,Personal Auto,Four-Door Car,525.6
939,PI47776,Oregon,F,Bachelor,2530.7051,89451.0,63.0,0.0,Corporate Auto,Four-Door Car,61.769564
940,MD73554,California,M,College,5251.984,59537.0,66.0,0.0,Personal Auto,Two-Door Car,316.8
941,UX92071,Oregon,M,High School or Below,6743.1193,0.0,199.0,0.0,Personal Auto,Luxury,955.2
942,YG44474,Oregon,M,College,14014.7213,54193.0,117.0,0.0,Corporate Auto,SUV,720.752945
943,UH45301,Oregon,M,College,9438.9156,86946.0,118.0,0.0,Personal Auto,Four-Door Car,340.656963
944,RY92647,California,F,Bachelor,10506.7717,0.0,92.0,0.0,Personal Auto,Four-Door Car,546.524896
945,IK12620,Arizona,F,High School or Below,4213.9186,12160.0,109.0,0.0,Personal Auto,Four-Door Car,489.411833
946,GQ66762,California,M,College,4773.6864000000005,33701.0,63.0,0.0,Personal Auto,Four-Door Car,171.325856
947,YT69858,Washington,F,Bachelor,5441.4201,85702.0,67.0,0.0,Personal Auto,Two-Door Car,249.085887
948,XD85577,California,M,Bachelor,2842.2669,69417.0,73.0,1.0,Personal Auto,Four-Door Car,30.874869
949,TM65736,Oregon,M,Master,3059.5503000000003,38644.0,78.0,1.0,Personal Auto,Four-Door Car,361.455219
950,VJ51327,California,F,High School or Below,20314.9976,63209.0,102.0,2.0,Personal Auto,SUV,207.320041
951,GS98873,Arizona,F,Bachelor,3239.1247,16061.0,88.0,0.0,Personal Auto,Four-Door Car,633.6
952,CW49887,California,F,Master,4626.8011,79487.0,114.0,0.0,Special Auto,SUV,547.2
953,MY31220,California,F,College,8997.0402,54230.0,112.0,0.0,Personal Auto,Two-Door Car,537.6
